heads,batch,width,context,sms,workspace_bytes,median_us,min_us,p95_us
24,1,1,256,170,74528,69.4400,69.2800,71.7120
24,1,1,256,20,74528,69.4720,20.1280,71.9040
24,1,1,256,40,74528,20.3200,20.2560,21.3120
24,1,1,256,80,74528,20.3200,20.0320,20.3200
24,1,1,2048,170,421216,43.0080,42.7520,43.5200
24,1,1,2048,20,247744,35.2640,34.6880,36.9600
24,1,1,2048,40,421216,42.9760,42.6240,43.4240
24,1,1,2048,80,421216,43.0080,42.7840,44.8960
24,1,1,8192,170,1610080,118.6240,116.7360,125.5680
24,1,1,8192,20,247744,92.0000,90.1760,102.0160
24,1,1,8192,40,495488,98.1120,96.0640,98.7840
24,1,1,8192,80,990720,108.3520,105.9840,108.3840
24,1,1,32768,170,2105312,386.8800,383.2320,405.4400
24,1,1,32768,20,247744,319.2960,315.5520,344.8000
24,1,1,32768,40,495488,325.4720,323.4880,345.0880
24,1,1,32768,80,990720,329.7280,329.5360,342.6880
24,1,10,256,170,495488,37.2480,36.7040,43.6160
24,1,10,256,20,495488,37.2160,36.7360,38.7840
24,1,10,256,40,495488,37.2480,36.6720,38.5920
24,1,10,256,80,495488,37.2480,37.0560,42.4640
24,1,10,2048,170,2229184,118.9120,118.5600,124.9920
24,1,10,2048,20,1238464,104.2560,102.4000,104.2880
24,1,10,2048,40,1238464,104.1920,102.2080,106.0160
24,1,10,2048,80,2229184,118.9440,118.5600,120.6400
24,1,10,8192,170,5201344,358.7840,358.2400,366.3360
24,1,10,8192,20,1238464,307.0400,300.8320,326.3360
24,1,10,8192,40,1238464,304.9920,302.9440,322.7840
24,1,10,8192,80,2476928,319.3280,315.8400,323.4240
24,1,10,32768,170,5201344,1196.6400,1179.8720,1271.1360
24,1,10,32768,20,1238464,1126.3680,1108.8320,1151.7760
24,1,10,32768,40,1238464,1116.9920,1111.8720,1162.0800
24,1,10,32768,80,2476928,1125.1841,1121.0240,1157.9840
24,1,16,256,170,792576,41.0880,40.7680,41.4400
24,1,16,256,20,792576,40.9600,40.5760,42.9760
24,1,16,256,40,792576,41.2480,40.7680,43.3280
24,1,16,256,80,792576,41.0240,40.7040,45.6960
24,1,16,2048,170,3566592,126.8160,126.6240,134.9120
24,1,16,2048,20,1981440,112.4800,112.0000,129.1840
24,1,16,2048,40,1981440,112.4800,112.1920,114.4320
24,1,16,2048,80,3566592,126.8160,126.6240,133.6320
24,1,16,8192,170,8322048,382.8480,380.8000,399.2000
24,1,16,8192,20,1981440,322.0160,321.4080,337.8240
24,1,16,8192,40,1981440,321.5680,321.2480,329.5680
24,1,16,8192,80,3962880,333.2480,328.1920,343.2000
24,1,16,32768,170,8322048,1334.2080,1252.1920,1355.5840
24,1,16,32768,20,1981440,1184.5760,1172.3200,1213.5040
24,1,16,32768,40,1981440,1191.4560,1176.3520,1213.9519
24,1,16,32768,80,3962880,1179.4879,1171.2960,1206.5600
24,4,1,256,170,297344,32.9280,32.3200,34.6880
24,4,1,256,20,198144,27.0720,26.8160,28.5760
24,4,1,256,40,297344,33.0240,32.5440,33.3120
24,4,1,256,80,297344,33.2480,32.8640,36.6400
24,4,1,2048,170,1684352,117.2160,116.2880,134.8800
24,4,1,2048,20,198144,106.3680,104.4160,121.3440
24,4,1,2048,40,495488,95.9040,94.0480,105.8240
24,4,1,2048,80,990720,108.4480,106.7520,110.4320
24,4,1,8192,170,2080640,354.1440,350.6240,366.6240
24,4,1,8192,20,198144,372.5760,369.0880,383.5520
24,4,1,8192,40,495488,317.2800,315.2320,336.5760
24,4,1,8192,80,990720,326.0160,321.1520,337.5680
24,4,1,32768,170,2080640,1270.5920,1261.6000,1338.1760
24,4,1,32768,20,198144,1427.9680,1419.3280,1459.9360
24,4,1,32768,40,495488,1180.3200,1170.4960,1207.8400
24,4,1,32768,80,990720,1193.8560,1188.7360,1230.6560
24,4,10,256,170,1981440,108.4480,108.1280,108.6080
24,4,10,256,20,990720,98.1440,97.9840,100.2880
24,4,10,256,40,1981440,108.3840,108.2240,108.5120
24,4,10,256,80,1981440,108.3520,108.1600,115.1680
24,4,10,2048,170,4953600,377.1520,376.6720,383.4240
24,4,10,2048,20,990720,397.1520,394.9760,413.3440
24,4,10,2048,40,1981440,399.2000,393.1520,405.0560
24,4,10,2048,80,4953600,378.6880,376.9920,380.8000
24,4,10,8192,170,4953600,1190.1120,1176.2559,1215.4239
24,4,10,8192,20,990720,1475.9040,1426.2720,1493.4080
24,4,10,8192,40,1981440,1407.8079,1396.5760,1431.4240
24,4,10,8192,80,4953600,1184.5760,1177.3440,1204.6400
24,4,10,32768,170,4953600,4547.6160,4497.2482,4600.9278
24,4,10,32768,20,990720,5657.3439,5560.1602,5678.9122
24,4,10,32768,40,1981440,5653.2478,5582.6879,5691.1998
24,4,10,32768,80,4953600,4555.7442,4498.3678,4590.2400
24,4,16,256,170,3170304,126.7840,126.0800,129.6320
24,4,16,256,20,1585152,112.4800,112.2880,118.6560
24,4,16,256,40,3170304,126.8160,126.7200,127.1680
24,4,16,256,80,3170304,126.8160,126.5920,126.9440
24,4,16,2048,170,7925760,405.1520,403.2960,413.9520
24,4,16,2048,20,1585152,427.8400,427.7440,434.2400
24,4,16,2048,40,3170304,427.8400,425.7920,433.9840
24,4,16,2048,80,7925760,405.3120,403.5200,421.2480
24,4,16,8192,170,7925760,1238.3680,1235.8080,1279.7760
24,4,16,8192,20,1585152,1518.3680,1513.6960,1540.9600
24,4,16,8192,40,3170304,1476.4160,1466.1760,1494.0161
24,4,16,8192,80,7925760,1240.9600,1234.7840,1275.8080
24,4,16,32768,170,7925760,4723.5522,4650.8160,4808.5122
24,4,16,32768,20,1585152,5870.4638,5833.5681,5905.2801
24,4,16,32768,40,3170304,5913.4722,5834.5599,5967.2642
24,4,16,32768,80,7925760,4751.2002,4701.8561,4790.7200
24,8,1,256,170,594432,49.0880,48.8640,49.3440
24,8,1,256,20,198144,42.8480,42.7840,45.9200
24,8,1,256,40,396288,48.9920,47.1040,57.2480
24,8,1,256,80,594432,49.0240,48.8960,49.4720
24,8,1,2048,170,1981440,204.6080,204.5760,214.2400
24,8,1,2048,20,198144,200.5120,198.3040,206.1120
24,8,1,2048,40,396288,204.6080,202.4320,216.6720
24,8,1,2048,80,990720,182.0800,180.5120,182.4960
24,8,1,8192,170,1981440,640.8640,638.8800,656.4800
24,8,1,8192,20,198144,729.9200,724.8960,757.6000
24,8,1,8192,40,396288,730.9760,724.6400,762.7840
24,8,1,8192,80,990720,624.5120,622.3680,648.2880
24,8,1,32768,170,1981440,2391.6481,2369.3759,2428.7679
24,8,1,32768,20,198144,2850.1120,2822.1760,2903.9040
24,8,1,32768,40,396288,2861.9521,2841.0239,2867.5840
24,8,1,32768,80,990720,2348.4800,2334.5599,2385.8559
24,8,10,256,170,3962880,192.3520,191.8400,197.4720
24,8,10,256,20,1981440,178.0480,176.5440,178.8160
24,8,10,256,40,1981440,177.9840,175.9040,183.9680
24,8,10,256,80,3962880,192.3200,192.1920,195.2960
24,8,10,2048,170,9907200,737.3440,735.1680,755.3920
24,8,10,2048,20,1981440,752.9280,743.1040,767.8400
24,8,10,2048,40,1981440,752.0320,743.1680,762.8800
24,8,10,2048,80,3962880,700.4800,694.0480,712.6080
24,8,10,8192,170,9907200,2348.8641,2332.5119,2399.1041
24,8,10,8192,20,1981440,2868.9280,2802.4001,2905.9520
24,8,10,8192,40,1981440,2838.3040,2828.8000,2853.3120
24,8,10,8192,80,3962880,2478.1761,2464.6080,2497.4401
24,8,10,32768,170,9907200,9062.8481,8997.7922,9133.7919
24,8,10,32768,20,1981440,11366.8156,11195.2000,11508.4476
24,8,10,32768,40,1981440,11440.9599,11307.9042,11528.0323
24,8,10,32768,80,3962880,9942.3361,9891.6798,10021.6961
24,8,16,256,170,6340608,223.0400,222.8480,228.7680
24,8,16,256,20,3170304,210.7520,209.1840,217.8560
24,8,16,256,40,3170304,210.8160,210.6560,216.8960
24,8,16,256,80,6340608,223.3280,223.1360,232.6720
24,8,16,2048,170,15851520,792.3840,788.5120,804.9280
24,8,16,2048,20,3170304,810.8480,809.6640,815.3280
24,8,16,2048,40,3170304,812.9600,810.7200,824.0000
24,8,16,2048,80,6340608,753.4720,747.7120,767.7120
24,8,16,8192,170,15851520,2469.1520,2455.3919,2499.3920
24,8,16,8192,20,3170304,3040.3841,3003.2320,3064.9281
24,8,16,8192,40,3170304,3039.6481,2989.7599,3063.0400
24,8,16,8192,80,6340608,2588.5439,2568.0640,2602.3681
24,8,16,32768,170,15851520,9388.8960,9292.8963,9450.3040
24,8,16,32768,20,3170304,11829.6003,11691.9041,11894.5923
24,8,16,32768,40,3170304,11858.7837,11758.8158,11896.5759
24,8,16,32768,80,6340608,10367.8083,10287.9362,10417.9516
24,1,128,0,170,3170304,89.9200,87.9040,96.2240
24,1,128,0,20,3170304,89.4400,87.9360,100.4480
24,1,128,0,40,3170304,89.9200,87.9360,89.9840
24,1,128,0,80,3170304,89.9200,88.1280,91.8080
24,1,128,8192,170,22192128,1046.7200,1044.2880,1068.4800
24,1,128,8192,20,15851520,933.7600,932.7680,949.0560
24,1,128,8192,40,15851520,934.7200,932.7040,950.3360
24,1,128,8192,80,9510912,982.8480,981.0240,1003.4879
24,1,1024,0,170,50724864,1189.0240,1186.9440,1205.0880
24,1,1024,0,20,50724864,1189.0240,1184.6080,1209.1841
24,1,1024,0,40,50724864,1190.7200,1187.6481,1220.6080
24,1,1024,0,80,50724864,1193.3759,1186.6241,1207.1680
24,1,1024,8192,170,177537024,9288.4798,9275.1684,9389.1840
24,1,1024,8192,20,126812160,8548.1920,8536.8958,8570.4317
24,1,1024,8192,40,126812160,8555.3598,8545.0878,8564.6400
24,1,1024,8192,80,126812160,8544.0960,8536.3522,8578.0478
16,1,1,256,170,82752,16.8960,16.3520,18.3040
16,1,1,256,20,82752,16.9280,16.7680,18.3680
16,1,1,256,40,82752,16.8000,16.3840,18.1440
16,1,1,256,80,82752,16.8320,16.7040,21.0240
16,1,1,2048,170,545088,34.8800,34.5280,36.7040
16,1,1,2048,20,330240,26.8480,26.6560,28.4800
16,1,1,2048,40,545088,34.8480,34.5280,35.2000
16,1,1,2048,80,545088,36.7040,34.6560,41.0240
16,1,1,8192,170,2130240,92.2240,91.7120,94.3040
16,1,1,8192,20,330240,53.4400,53.0240,55.1360
16,1,1,8192,40,660480,63.5520,63.1680,63.9040
16,1,1,8192,80,1320960,77.7600,77.3120,79.7120
16,1,1,32768,170,2807168,231.2320,227.4240,246.6560
16,1,1,32768,20,330240,171.8400,161.6000,179.4240
16,1,1,32768,40,660480,169.8880,169.8240,171.9360
16,1,1,32768,80,1320960,184.1280,182.0800,188.4800
16,1,10,256,170,495488,40.8000,40.7040,46.9120
16,1,10,256,20,495488,40.8000,40.6400,47.8400
16,1,10,256,40,495488,40.8000,40.6400,41.3440
16,1,10,256,80,495488,40.8320,40.5440,43.5200
16,1,10,2048,170,2807168,108.8320,108.6080,110.5600
16,1,10,2048,20,825728,71.4560,69.9520,71.5200
16,1,10,2048,40,1651200,88.3200,87.7120,92.5120
16,1,10,2048,80,2807168,108.8000,108.4480,110.4320
16,1,10,8192,170,6935040,278.2080,276.7040,285.6000
16,1,10,8192,20,825728,173.8880,173.7280,183.5200
16,1,10,8192,40,1651200,188.2880,186.4960,199.4880
16,1,10,8192,80,3302400,214.9120,214.8160,221.0880
16,1,10,32768,170,6935040,773.9520,720.6400,786.1760
16,1,10,32768,20,825728,600.1280,593.7600,614.2080
16,1,10,32768,40,1651200,624.4480,618.8800,645.4720
16,1,10,32768,80,3302400,638.8160,636.7360,665.3440
16,1,16,256,170,792576,47.1680,46.7520,47.4560
16,1,16,256,20,792576,47.2320,46.7200,47.8720
16,1,16,256,40,792576,47.2320,46.8800,48.9600
16,1,16,256,80,792576,47.4240,46.9120,49.0880
16,1,16,2048,170,4491264,124.7360,124.5760,129.8560
16,1,16,2048,20,1320960,77.6640,77.6000,77.9520
16,1,16,2048,40,2641920,98.2080,98.0160,100.3840
16,1,16,2048,80,4491264,124.7360,124.6080,125.0240
16,1,16,8192,170,11096064,309.0880,307.2640,321.8240
16,1,16,8192,20,1320960,182.6880,182.1120,195.3920
16,1,16,8192,40,2641920,198.9760,198.4960,205.1200
16,1,16,8192,80,5283840,231.2640,231.1040,241.5040
16,1,16,32768,170,11096064,821.0560,765.7920,833.5040
16,1,16,32768,20,1320960,622.4320,618.3680,640.7360
16,1,16,32768,40,2641920,642.9120,636.6720,659.7440
16,1,16,32768,80,5283840,666.0480,663.7760,679.9040
16,4,1,256,170,330240,24.4160,22.6560,28.9600
16,4,1,256,20,330240,24.4160,24.1280,24.7040
16,4,1,256,40,330240,24.3840,24.0960,25.0560
16,4,1,256,80,330240,24.3840,22.6560,28.9600
16,4,1,2048,170,2179584,84.0320,83.6160,87.7120
16,4,1,2048,20,330240,55.1360,53.5680,57.8880
16,4,1,2048,40,660480,65.3760,64.0000,66.2080
16,4,1,2048,80,1320960,77.6640,77.3120,79.6800
16,4,1,8192,170,2774016,208.6720,206.6240,216.8640
16,4,1,8192,20,330240,167.8080,166.0160,172.7680
16,4,1,8192,40,660480,171.8400,169.5360,189.2800
16,4,1,8192,80,1320960,182.0800,180.0320,194.4000
16,4,1,32768,170,2774016,698.6880,663.3600,729.2480
16,4,1,32768,20,330240,593.9200,591.6800,618.0160
16,4,1,32768,40,660480,604.4160,603.9680,628.0960
16,4,1,32768,80,1320960,626.5280,622.4640,652.9280
16,4,10,256,170,1981440,106.9760,106.5600,108.4160
16,4,10,256,20,1320960,96.8640,96.1280,105.9840
16,4,10,256,40,1981440,106.8480,106.4000,114.3680
16,4,10,256,80,1981440,107.0080,106.3040,111.6160
16,4,10,2048,170,6604800,290.3680,288.5760,296.8000
16,4,10,2048,20,1320960,257.8880,255.8080,265.9200
16,4,10,2048,40,3302400,247.6800,247.4880,251.4560
16,4,10,2048,80,3302400,247.6160,247.4560,261.9840
16,4,10,8192,170,6604800,708.4480,706.5920,731.3920
16,4,10,8192,20,1320960,796.4800,790.5600,812.9600
16,4,10,8192,40,3302400,675.6800,673.6000,692.7040
16,4,10,8192,80,3302400,675.6800,671.7120,700.4800
16,4,10,32768,170,6604800,2471.7441,2436.9280,2627.0721
16,4,10,32768,20,1320960,2948.3199,2931.0400,2969.5680
16,4,10,32768,40,3302400,2422.2081,2396.8959,2460.5119
16,4,10,32768,80,3302400,2429.6319,2408.4160,2468.6720
16,4,16,256,170,3170304,137.0560,135.4240,139.3280
16,4,16,256,20,2113536,122.7200,122.5280,131.7760
16,4,16,256,40,3170304,137.0240,135.4240,137.2480
16,4,16,256,80,3170304,137.0240,135.0400,147.2320
16,4,16,2048,170,10567680,323.4240,323.2320,336.4480
16,4,16,2048,20,2113536,284.4800,284.4800,290.7520
16,4,16,2048,40,5283840,280.4160,280.1280,294.1440
16,4,16,2048,80,5283840,280.4480,280.2560,294.9120
16,4,16,8192,170,10567680,765.7920,762.0160,776.1600
16,4,16,8192,20,2113536,841.5360,837.4400,871.5840
16,4,16,8192,40,5283840,722.7200,718.8480,739.4240
16,4,16,8192,80,5283840,722.7520,719.1680,748.8640
16,4,16,32768,170,10567680,2596.6401,2571.0399,2643.6479
16,4,16,32768,20,2113536,3053.3440,3046.4640,3102.4959
16,4,16,32768,40,5283840,2555.7120,2529.1200,2581.2800
16,4,16,32768,80,5283840,2540.3521,2516.8321,2583.3919
16,8,1,256,170,660480,38.7200,38.5280,46.4320
16,8,1,256,20,264192,34.5600,32.8000,40.4160
16,8,1,256,40,660480,38.7520,38.5600,47.3280
16,8,1,256,80,660480,38.6880,38.4000,39.1360
16,8,1,2048,170,2774016,137.0240,136.8320,140.2560
16,8,1,2048,20,264192,112.4160,110.4000,115.5520
16,8,1,2048,40,660480,102.1120,100.0640,106.9440
16,8,1,2048,80,1320960,118.6240,116.4480,119.0400
16,8,1,8192,170,2774016,360.7360,358.3360,379.7760
16,8,1,8192,20,264192,374.6240,372.4480,400.2240
16,8,1,8192,40,660480,323.4240,319.6800,337.9200
16,8,1,8192,80,1320960,331.5520,327.8400,343.6800
16,8,1,32768,170,2774016,1319.7440,1278.8481,1393.2160
16,8,1,32768,20,264192,1433.7280,1426.5280,1468.3200
16,8,1,32768,40,660480,1182.5280,1180.5120,1213.3120
16,8,1,32768,80,1320960,1207.6160,1204.0319,1242.0160
16,8,10,256,170,3962880,190.5920,190.0800,200.5440
16,8,10,256,20,1320960,163.6480,163.2320,163.6800
16,8,10,256,40,2641920,175.9680,175.7760,176.2240
16,8,10,256,80,3962880,190.3360,190.2080,191.3280
16,8,10,2048,170,6604800,479.0720,478.9760,488.0960
16,8,10,2048,20,1320960,474.9440,473.4400,489.2160
16,8,10,2048,40,2641920,487.2320,485.7600,493.2800
16,8,10,2048,80,6604800,479.1680,479.0080,493.7920
16,8,10,8192,170,6604800,1337.2800,1333.0240,1375.8399
16,8,10,8192,20,1320960,1558.9440,1544.9920,1590.9760
16,8,10,8192,40,2641920,1567.5840,1557.3760,1600.4480
16,8,10,8192,80,6604800,1338.3360,1335.2960,1361.0560
16,8,10,32768,170,6604800,4829.0238,4776.7682,4887.3601
16,8,10,32768,20,1320960,5866.7841,5856.0958,5935.9360
16,8,10,32768,40,2641920,5881.9199,5821.3758,5938.1442
16,8,10,32768,80,6604800,4826.8480,4787.0078,4862.6242
16,8,16,256,170,6340608,247.6800,247.5200,252.6080
16,8,16,256,20,2113536,212.8320,212.6400,220.0960
16,8,16,256,40,4227072,227.2000,226.9760,234.7200
16,8,16,256,80,6340608,247.8080,247.5840,256.2560
16,8,16,2048,170,10567680,546.6240,545.0240,558.9440
16,8,16,2048,20,2113536,534.8800,534.3360,541.8560
16,8,16,2048,40,4227072,548.7680,548.6720,559.5200
16,8,16,2048,80,10567680,546.6560,545.2480,560.2880
16,8,16,8192,170,10567680,1454.7840,1445.2480,1476.4481
16,8,16,8192,20,2113536,1643.2960,1639.2000,1677.0880
16,8,16,8192,40,4227072,1664.8639,1651.4879,1691.3280
16,8,16,8192,80,10567680,1453.9200,1444.0320,1502.0480
16,8,16,32768,170,10567680,5122.8480,5069.6001,5159.5840
16,8,16,32768,20,2113536,6143.7759,6112.2241,6169.4078
16,8,16,32768,40,4227072,6177.7601,6131.5522,6196.9280
16,8,16,32768,80,10567680,5116.7998,5063.5519,5154.6559
16,1,128,0,170,2113536,51.0080,48.9920,56.7680
16,1,128,0,20,2113536,50.9760,49.1200,51.0400
16,1,128,0,40,2113536,50.9760,49.1840,51.1360
16,1,128,0,80,2113536,51.0400,50.4000,58.2720
16,1,128,8192,170,16908288,724.8320,722.7840,739.0080
16,1,128,8192,20,10567680,622.4640,622.4000,640.8320
16,1,128,8192,40,10567680,622.7200,622.4000,641.4400
16,1,128,8192,80,10567680,623.1040,622.4320,633.1520
16,1,1024,0,170,33816576,730.1120,727.7760,744.1600
16,1,1024,0,20,33816576,730.9440,728.4800,750.1760
16,1,1024,0,40,33816576,730.9760,727.8720,742.6880
16,1,1024,0,80,33816576,730.5600,727.3600,745.6000
16,1,1024,8192,170,84541440,5645.1201,5635.3278,5655.3602
16,1,1024,8192,20,84541440,5639.4882,5633.1201,5648.3202
16,1,1024,8192,40,84541440,5645.1201,5638.3681,5662.0798
16,1,1024,8192,80,84541440,5643.1680,5608.3522,5658.4640
