entry,geometry,kv_dtype,mapping,execution,cache,B,W,row_contexts,valid_columns,table_rows,workspace_bytes,logical_bytes,physical_bytes,logical_cache_bytes,key_vector_bytes,value_vector_bytes,physical_cache_bytes,qk_flops,pv_flops,qk_full_op_tflops,pv_full_op_tflops,unique_kv_bytes,unique_kv_gbps,median_us,min_us,p95_us,graph_nodes,workspace_peak_bytes,graph_calls,envelope_min,envelope_max
append,d256-h24-kv4,fp8,identity,graph,cold,1,1,256,1,0,74528,1.08544e+06,561184,1.05267e+06,258,258,530448,3.15802e+06,3.15802e+06,0.138607,0.138607,530448,23.2816,22.784,22.336,24.352,2,74528,1,257,257
append,d256-h24-kv4,fp8,identity,graph,cold,1,10,256,10,0,495488,1.10387e+07,5.70472e+06,1.08954e+06,258,258,549024,3.21331e+07,3.21331e+07,0.707653,0.707653,549024,12.0909,45.408,39.04,46.976,3,495488,1,266,266
append,d256-h24-kv4,fp8,identity,graph,cold,1,16,256,16,0,792576,1.78586e+07,9.22662e+06,1.11411e+06,258,258,561408,5.20028e+07,5.20028e+07,1.20377,1.20377,561408,12.9956,43.2,42.816,44.864,3,792576,1,272,272
append,d256-h24-kv4,fp8,identity,graph,cold,1,1,2048,1,0,247744,8.42547e+06,4.25987e+06,8.3927e+06,258,258,4.22914e+06,2.51781e+07,2.51781e+07,0.715938,0.715938,4.22914e+06,120.255,35.168,34.592,39.424,2,247744,1,2049,2049
append,d256-h24-kv4,fp8,identity,graph,cold,1,10,2048,10,0,1238464,8.4439e+07,4.26916e+07,8.42957e+06,258,258,4.24771e+06,2.52334e+08,2.52334e+08,2.37442,2.37442,4.24771e+06,39.9702,106.272,102.784,108.256,3,1238464,1,2058,2058
append,d256-h24-kv4,fp8,identity,graph,cold,1,16,2048,16,0,1981440,1.35299e+08,6.84056e+07,8.45414e+06,258,258,4.2601e+06,4.04324e+08,4.04324e+08,3.59566,3.59566,4.2601e+06,37.885,112.448,112.256,122.592,3,1981440,1,2064,2064
append,d256-h24-kv4,fp8,identity,graph,cold,1,1,8192,1,0,247744,3.35913e+07,1.69411e+07,3.35585e+07,258,258,1.69104e+07,1.00676e+08,1.00676e+08,1.09468,1.09468,1.69104e+07,183.872,91.968,90.176,96.768,2,247744,1,8193,8193
append,d256-h24-kv4,fp8,identity,graph,cold,1,10,8192,10,0,1238464,3.36097e+08,1.69504e+08,3.35954e+07,258,258,1.69289e+07,1.00731e+09,1.00731e+09,3.25897,3.25897,1.69289e+07,54.7706,309.088,304.8,325.152,3,1238464,1,8202,8202
append,d256-h24-kv4,fp8,identity,graph,cold,1,16,8192,16,0,1981440,5.37952e+08,2.71305e+08,3.362e+07,258,258,1.69413e+07,1.61228e+09,1.61228e+09,4.9885,4.9885,1.69413e+07,52.4174,323.2,321.184,333.792,3,1981440,1,8208,8208
append,d256-h24-kv4,fp8,identity,graph,cold,1,1,32768,1,0,247744,1.34255e+08,6.7666e+07,1.34222e+08,258,258,6.76352e+07,4.02665e+08,4.02665e+08,1.26809,1.26809,6.76352e+07,213,317.536,313.472,332.928,2,247744,1,32769,32769
append,d256-h24-kv4,fp8,identity,graph,cold,1,10,32768,10,0,1238464,1.34273e+09,6.76752e+08,1.34259e+08,258,258,6.76538e+07,4.02721e+09,4.02721e+09,3.5757,3.5757,6.76538e+07,60.0688,1126.27,1111.71,1152.8,3,1238464,1,32778,32778
append,d256-h24-kv4,fp8,identity,graph,cold,1,16,32768,16,0,1981440,2.14856e+09,1.0829e+09,1.34283e+08,258,258,6.76662e+07,6.44412e+09,6.44412e+09,5.44002,5.44002,6.76662e+07,57.1227,1184.58,1176.51,1225.09,3,1981440,1,32784,32784
append,d256-h24-kv4,fp8,identity,graph,cold,4,1,256;256;256;256,1;1;1;1,0;1;2;3,198144,4.34176e+06,2.24474e+06,4.21069e+06,258,258,2.12179e+06,1.26321e+07,1.26321e+07,0.442547,0.442547,2.12179e+06,74.3341,28.544,28.32,32.608,2,198144,1,257,257
append,d256-h24-kv4,fp8,identity,graph,cold,4,10,256;256;256;256,10;10;10;10,0;1;2;3,990720,4.41549e+07,2.28189e+07,4.35814e+06,258,258,2.1961e+06,1.28532e+08,1.28532e+08,1.23361,1.23361,2.1961e+06,21.0774,104.192,104,108.352,3,990720,1,266,266
append,d256-h24-kv4,fp8,identity,graph,cold,4,16,256;256;256;256,16;16;16;16,0;1;2;3,1585152,7.14342e+07,3.69065e+07,4.45645e+06,258,258,2.24563e+06,2.08011e+08,2.08011e+08,1.69811,1.69811,2.24563e+06,18.3323,122.496,120.736,125.984,3,1585152,1,272,272
append,d256-h24-kv4,fp8,identity,graph,cold,4,1,2048;2048;2048;2048,1;1;1;1,0;1;2;3,495488,3.37019e+07,1.70395e+07,3.35708e+07,258,258,1.69165e+07,1.00712e+08,1.00712e+08,1.04352,1.04352,1.69165e+07,175.279,96.512,96.032,100,2,495488,1,2049,2049
append,d256-h24-kv4,fp8,identity,graph,cold,4,10,2048;2048;2048;2048,10;10;10;10,0;1;2;3,4953600,3.37756e+08,1.70766e+08,3.37183e+07,258,258,1.69908e+07,1.00934e+09,1.00934e+09,2.59368,2.59368,1.69908e+07,43.6612,389.152,388.768,399.84,3,4953600,1,2058,2058
append,d256-h24-kv4,fp8,identity,graph,cold,4,16,2048;2048;2048;2048,16;16;16;16,0;1;2;3,7925760,5.41196e+08,2.73623e+08,3.38166e+07,258,258,1.70404e+07,1.6173e+09,1.6173e+09,3.85335,3.85335,1.70404e+07,40.6002,419.712,419.648,436.032,3,7925760,1,2064,2064
append,d256-h24-kv4,fp8,identity,graph,cold,4,1,8192;8192;8192;8192,1;1;1;1,0;1;2;3,495488,1.34365e+08,6.77644e+07,1.34234e+08,258,258,6.76414e+07,4.02702e+08,4.02702e+08,1.25057,1.25057,6.76414e+07,210.056,322.016,321.312,348.32,2,495488,1,8193,8193
append,d256-h24-kv4,fp8,identity,graph,cold,4,10,8192;8192;8192;8192,10;10;10;10,0;1;2;3,4953600,1.34439e+09,6.78015e+08,1.34382e+08,258,258,6.77157e+07,4.02924e+09,4.02924e+09,3.32929,3.32929,6.77157e+07,55.9523,1210.24,1199.94,1234.08,3,4953600,1,8202,8202
append,d256-h24-kv4,fp8,identity,graph,cold,4,16,8192;8192;8192;8192,16;16;16;16,0;1;2;3,7925760,2.15181e+09,1.08522e+09,1.3448e+08,258,258,6.77652e+07,6.44914e+09,6.44914e+09,5.11758,5.11758,6.77652e+07,53.7737,1260.19,1255.42,1288.86,3,7925760,1,8208,8208
append,d256-h24-kv4,fp8,identity,graph,cold,4,1,32768;32768;32768;32768,1;1;1;1,0;1;2;3,495488,5.37018e+08,2.70664e+08,5.36887e+08,258,258,2.70541e+08,1.61066e+09,1.61066e+09,1.34808,1.34808,2.70541e+08,226.435,1194.78,1187.65,1230.53,2,495488,1,32769,32769
append,d256-h24-kv4,fp8,identity,graph,cold,4,10,32768;32768;32768;32768,10;10;10;10,0;1;2;3,4953600,5.37092e+09,2.70701e+09,5.37035e+08,258,258,2.70615e+08,1.61088e+10,1.61088e+10,3.48669,3.48669,2.70615e+08,58.5735,4620.1,4569.06,4680.51,3,4953600,1,32778,32778
append,d256-h24-kv4,fp8,identity,graph,cold,4,16,32768;32768;32768;32768,16;16;16;16,0;1;2;3,7925760,8.59426e+09,4.33161e+09,5.37133e+08,258,258,2.70665e+08,2.57765e+10,2.57765e+10,5.36374,5.36374,2.70665e+08,56.3216,4805.7,4699.97,4870.24,3,7925760,1,32784,32784
append,d256-h24-kv4,fp8,identity,graph,cold,8,1,256;256;256;256;256;256;256;256,1;1;1;1;1;1;1;1,0;1;2;3;4;5;6;7,198144,8.68352e+06,4.48947e+06,8.42138e+06,258,258,4.24358e+06,2.52641e+07,2.52641e+07,0.589622,0.589622,4.24358e+06,99.0381,42.848,42.784,49.184,2,198144,1,257,257
append,d256-h24-kv4,fp8,identity,graph,cold,8,10,256;256;256;256;256;256;256;256,10;10;10;10;10;10;10;10,0;1;2;3;4;5;6;7,1981440,8.83098e+07,4.56378e+07,8.71629e+06,258,258,4.39219e+06,2.57065e+08,2.57065e+08,1.35104,1.35104,4.39219e+06,23.0838,190.272,188.64,191.776,3,1981440,1,266,266
append,d256-h24-kv4,fp8,identity,graph,cold,8,16,256;256;256;256;256;256;256;256,16;16;16;16;16;16;16;16,0;1;2;3;4;5;6;7,3170304,1.42868e+08,7.3813e+07,8.9129e+06,258,258,4.49126e+06,4.16023e+08,4.16023e+08,1.79891,1.79891,4.49126e+06,19.4205,231.264,231.04,233.984,3,3170304,1,272,272
append,d256-h24-kv4,fp8,identity,graph,cold,8,1,2048;2048;2048;2048;2048;2048;2048;2048,1;1;1;1;1;1;1;1,0;1;2;3;4;5;6;7,990720,6.74038e+07,3.4079e+07,6.71416e+07,258,258,3.38331e+07,2.01425e+08,2.01425e+08,1.09394,1.09394,3.38331e+07,183.748,184.128,181.92,198.432,2,990720,1,2049,2049
append,d256-h24-kv4,fp8,identity,graph,cold,8,10,2048;2048;2048;2048;2048;2048;2048;2048,10;10;10;10;10;10;10;10,0;1;2;3;4;5;6;7,9907200,6.75512e+08,3.41533e+08,6.74365e+07,258,258,3.39817e+07,2.01867e+09,2.01867e+09,2.66468,2.66468,3.39817e+07,44.8563,757.568,755.488,783.968,3,9907200,1,2058,2058
append,d256-h24-kv4,fp8,identity,graph,cold,8,16,2048;2048;2048;2048;2048;2048;2048;2048,16;16;16;16;16;16;16;16,0;1;2;3;4;5;6;7,15851520,1.08239e+09,5.47245e+08,6.76332e+07,258,258,3.40808e+07,3.23459e+09,3.23459e+09,3.92792,3.92792,3.40808e+07,41.3859,823.488,821.024,847.616,3,15851520,1,2064,2064
append,d256-h24-kv4,fp8,identity,graph,cold,8,1,8192;8192;8192;8192;8192;8192;8192;8192,1;1;1;1;1;1;1;1,0;1;2;3;4;5;6;7,990720,2.6873e+08,1.35529e+08,2.68468e+08,258,258,1.35283e+08,8.05405e+08,8.05405e+08,1.27244,1.27244,1.35283e+08,213.73,632.96,629.088,654.944,2,990720,1,8193,8193
append,d256-h24-kv4,fp8,identity,graph,cold,8,10,8192;8192;8192;8192;8192;8192;8192;8192,10;10;10;10;10;10;10;10,0;1;2;3;4;5;6;7,9907200,2.68878e+09,1.35603e+09,2.68763e+08,258,258,1.35431e+08,8.05847e+09,8.05847e+09,3.35443,3.35443,1.35431e+08,56.3749,2402.34,2383.14,2429.18,3,9907200,1,8202,8202
append,d256-h24-kv4,fp8,identity,graph,cold,8,16,8192;8192;8192;8192;8192;8192;8192;8192,16;16;16;16;16;16;16;16,0;1;2;3;4;5;6;7,15851520,4.30362e+09,2.17044e+09,2.6896e+08,258,258,1.3553e+08,1.28983e+10,1.28983e+10,5.11862,5.11862,1.3553e+08,53.7847,2519.87,2507.68,2558.78,3,15851520,1,8208,8208
append,d256-h24-kv4,fp8,identity,graph,cold,8,1,32768;32768;32768;32768;32768;32768;32768;32768,1;1;1;1;1;1;1;1,0;1;2;3;4;5;6;7,990720,1.07404e+09,5.41328e+08,1.07377e+09,258,258,5.41082e+08,3.22132e+09,3.22132e+09,1.35083,1.35083,5.41082e+08,226.897,2384.7,2364.86,2436.03,2,990720,1,32769,32769
append,d256-h24-kv4,fp8,identity,graph,cold,8,10,32768;32768;32768;32768;32768;32768;32768;32768,10;10;10;10;10;10;10;10,0;1;2;3;4;5;6;7,9907200,1.07418e+10,5.41402e+09,1.07407e+09,258,258,5.4123e+08,3.22177e+10,3.22177e+10,3.49857,3.49857,5.4123e+08,58.7732,9208.8,9143.1,9275.2,3,9907200,1,32778,32778
append,d256-h24-kv4,fp8,identity,graph,cold,8,16,32768;32768;32768;32768;32768;32768;32768;32768,16;16;16;16;16;16;16;16,0;1;2;3;4;5;6;7,15851520,1.71885e+10,8.66322e+09,1.07427e+09,258,258,5.41329e+08,5.1553e+10,5.1553e+10,5.38913,5.38913,5.41329e+08,56.5882,9566.11,9437.12,9640.77,3,15851520,1,32784,32784
append,d256-h16-kv2,fp8,identity,graph,cold,1,1,256,1,0,82752,546816,284688,526336,258,258,265224,2.10534e+06,2.10534e+06,0.115425,0.115425,265224,14.5408,18.24,16.544,20.32,2,82752,1,257,257
append,d256-h16-kv2,fp8,identity,graph,cold,1,10,256,10,0,495488,5.56032e+06,2.89332e+06,544768,258,258,274512,2.14221e+07,2.14221e+07,0.456644,0.456644,274512,5.85164,46.912,45.248,51.808,3,495488,1,266,266
append,d256-h16-kv2,fp8,identity,graph,cold,1,16,256,16,0,792576,8.99482e+06,4.67885e+06,557056,258,258,280704,3.46685e+07,3.46685e+07,0.606602,0.606602,280704,4.91153,57.152,55.68,61.472,3,792576,1,272,272
append,d256-h16-kv2,fp8,identity,graph,cold,1,1,2048,1,0,330240,4.21683e+06,2.13403e+06,4.19635e+06,258,258,2.11457e+06,1.67854e+07,1.67854e+07,0.634273,0.634273,2.11457e+06,79.9036,26.464,26.272,35.168,2,330240,1,2049,2049
append,d256-h16-kv2,fp8,identity,graph,cold,1,10,2048,10,0,825728,4.22605e+07,2.13868e+07,4.21478e+06,258,258,2.12386e+06,1.68223e+08,1.68223e+08,2.16603,2.16603,2.12386e+06,27.3467,77.664,76.928,85.888,3,825728,1,2058,2058
append,d256-h16-kv2,fp8,identity,graph,cold,1,16,2048,16,0,1320960,6.77151e+07,3.42684e+07,4.22707e+06,258,258,2.13005e+06,2.6955e+08,2.6955e+08,3.06529,3.06529,2.13005e+06,24.2227,87.936,87.744,96.096,3,1320960,1,2064,2064
append,d256-h16-kv2,fp8,identity,graph,cold,1,1,8192,1,0,330240,1.67997e+07,8.47464e+06,1.67793e+07,258,258,8.45518e+06,6.71171e+07,6.71171e+07,1.26655,1.26655,8.45518e+06,159.556,52.992,51.36,53.664,2,330240,1,8193,8193
append,d256-h16-kv2,fp8,identity,graph,cold,1,10,8192,10,0,825728,1.6809e+08,8.47928e+07,1.67977e+07,258,258,8.46446e+06,6.71539e+08,6.71539e+08,3.56111,3.56111,8.46446e+06,44.8862,188.576,188.224,199.488,3,825728,1,8202,8202
append,d256-h16-kv2,fp8,identity,graph,cold,1,16,8192,16,0,1320960,2.69042e+08,1.35718e+08,1.681e+07,258,258,8.47066e+06,1.07486e+09,1.07486e+09,5.36056,5.36056,8.47066e+06,42.2451,200.512,198.816,212.64,3,1320960,1,8208,8208
append,d256-h16-kv2,fp8,identity,graph,cold,1,1,32768,1,0,330240,6.71314e+07,3.38371e+07,6.71109e+07,258,258,3.38176e+07,2.68444e+08,2.68444e+08,1.6569,1.6569,3.38176e+07,208.73,162.016,159.52,166.72,2,330240,1,32769,32769
append,d256-h16-kv2,fp8,identity,graph,cold,1,10,32768,10,0,825728,6.71406e+08,3.38417e+08,6.71293e+07,258,258,3.38269e+07,2.68481e+09,2.68481e+09,4.16192,4.16192,3.38269e+07,52.4376,645.088,639.136,662.336,3,825728,1,32778,32778
append,d256-h16-kv2,fp8,identity,graph,cold,1,16,32768,16,0,1320960,1.07435e+09,5.41517e+08,6.71416e+07,258,258,3.38331e+07,4.29608e+09,4.29608e+09,6.39602,6.39602,3.38331e+07,50.3708,671.68,667.424,692.064,3,1320960,1,32784,32784
append,d256-h16-kv2,fp8,identity,graph,cold,4,1,256;256;256;256,1;1;1;1,0;1;2;3,330240,2.18726e+06,1.13875e+06,2.10534e+06,258,258,1.0609e+06,8.42138e+06,8.42138e+06,0.318605,0.318605,1.0609e+06,40.1368,26.432,24.416,26.496,2,330240,1,257,257
append,d256-h16-kv2,fp8,identity,graph,cold,4,10,256;256;256;256,10;10;10;10,0;1;2;3,1320960,2.22413e+07,1.15733e+07,2.17907e+06,258,258,1.09805e+06,8.56883e+07,8.56883e+07,0.718476,0.718476,1.09805e+06,9.20687,119.264,118.656,130.912,3,1320960,1,266,266
append,d256-h16-kv2,fp8,identity,graph,cold,4,16,256;256;256;256,16;16;16;16,0;1;2;3,2113536,3.59793e+07,1.87154e+07,2.22822e+06,258,258,1.12282e+06,1.38674e+08,1.38674e+08,0.888755,0.888755,1.12282e+06,7.19606,156.032,155.328,161.728,3,2113536,1,272,272
append,d256-h16-kv2,fp8,identity,graph,cold,4,1,2048;2048;2048;2048,1;1;1;1,0;1;2;3,330240,1.68673e+07,8.53613e+06,1.67854e+07,258,258,8.45827e+06,6.71416e+07,6.71416e+07,1.17479,1.17479,8.45827e+06,147.996,57.152,56.992,61.952,2,330240,1,2049,2049
append,d256-h16-kv2,fp8,identity,graph,cold,4,10,2048;2048;2048;2048,10;10;10;10,0;1;2;3,3302400,1.69042e+08,8.5547e+07,1.68591e+07,258,258,8.49542e+06,6.72891e+08,6.72891e+08,2.39989,2.39989,8.49542e+06,30.2992,280.384,280.256,292.736,3,3302400,1,2058,2058
append,d256-h16-kv2,fp8,identity,graph,cold,4,16,2048;2048;2048;2048,16;16;16;16,0;1;2;3,5283840,2.7086e+08,1.37073e+08,1.69083e+07,258,258,8.52019e+06,1.0782e+09,1.0782e+09,3.29233,3.29233,8.52019e+06,26.0168,327.488,325.44,341.056,3,5283840,1,2064,2064
append,d256-h16-kv2,fp8,identity,graph,cold,4,1,8192;8192;8192;8192,1;1;1;1,0;1;2;3,330240,6.7199e+07,3.38986e+07,6.71171e+07,258,258,3.38207e+07,2.68468e+08,2.68468e+08,1.59378,1.59378,3.38207e+07,200.778,168.448,165.952,186.208,2,330240,1,8193,8193
append,d256-h16-kv2,fp8,identity,graph,cold,4,10,8192;8192;8192;8192,10;10;10;10,0;1;2;3,3302400,6.72358e+08,3.39171e+08,6.71908e+07,258,258,3.38579e+07,2.68616e+09,2.68616e+09,3.68524,3.68524,3.38579e+07,46.4509,728.896,728.736,740.224,3,3302400,1,8202,8202
append,d256-h16-kv2,fp8,identity,graph,cold,4,16,8192;8192;8192;8192,16;16;16;16,0;1;2;3,5283840,1.07617e+09,5.42872e+08,6.72399e+07,258,258,3.38826e+07,4.29942e+09,4.29942e+09,5.43999,5.43999,3.38826e+07,42.8712,790.336,790.24,808.096,3,5283840,1,8208,8208
append,d256-h16-kv2,fp8,identity,graph,cold,4,1,32768;32768;32768;32768,1;1;1;1,0;1;2;3,330240,2.68526e+08,1.35348e+08,2.68444e+08,258,258,1.3527e+08,1.07377e+09,1.07377e+09,1.80251,1.80251,1.3527e+08,227.074,595.712,592.064,618.816,2,330240,1,32769,32769
append,d256-h16-kv2,fp8,identity,graph,cold,4,10,32768;32768;32768;32768,10;10;10;10,0;1;2;3,3302400,2.68562e+09,1.35367e+09,2.68517e+08,258,258,1.35308e+08,1.07392e+10,1.07392e+10,4.14066,4.14066,1.35308e+08,52.1698,2593.6,2561.66,2632.67,3,3302400,1,32778,32778
append,d256-h16-kv2,fp8,identity,graph,cold,4,16,32768;32768;32768;32768,16;16;16;16,0;1;2;3,5283840,4.29739e+09,2.16607e+09,2.68567e+08,258,258,1.35332e+08,1.71843e+10,1.71843e+10,6.32595,6.32595,1.35332e+08,49.819,2716.48,2699.07,2746.08,3,5283840,1,32784,32784
append,d256-h16-kv2,fp8,identity,graph,cold,8,1,256;256;256;256;256;256;256;256,1;1;1;1;1;1;1;1,0;1;2;3;4;5;6;7,264192,4.37453e+06,2.2775e+06,4.21069e+06,258,258,2.12179e+06,1.68428e+07,1.68428e+07,0.454129,0.454129,2.12179e+06,57.2097,37.088,36.576,38.72,2,264192,1,257,257
append,d256-h16-kv2,fp8,identity,graph,cold,8,10,256;256;256;256;256;256;256;256,10;10;10;10;10;10;10;10,0;1;2;3;4;5;6;7,1320960,4.44826e+07,2.31466e+07,4.35814e+06,258,258,2.1961e+06,1.71377e+08,1.71377e+08,0.829285,0.829285,2.1961e+06,10.6268,206.656,206.496,208.16,3,1320960,1,266,266
append,d256-h16-kv2,fp8,identity,graph,cold,8,16,256;256;256;256;256;256;256;256,16;16;16;16;16;16;16;16,0;1;2;3;4;5;6;7,2113536,7.19585e+07,3.74308e+07,4.45645e+06,258,258,2.24563e+06,2.77348e+08,2.77348e+08,0.989173,0.989173,2.24563e+06,8.00913,280.384,279.008,292.448,3,2113536,1,272,272
append,d256-h16-kv2,fp8,identity,graph,cold,8,1,2048;2048;2048;2048;2048;2048;2048;2048,1;1;1;1;1;1;1;1,0;1;2;3;4;5;6;7,660480,3.37347e+07,1.70723e+07,3.35708e+07,258,258,1.69165e+07,1.34283e+08,1.34283e+08,1.28801,1.28801,1.69165e+07,162.26,104.256,103.84,109.696,2,660480,1,2049,2049
append,d256-h16-kv2,fp8,identity,graph,cold,8,10,2048;2048;2048;2048;2048;2048;2048;2048,10;10;10;10;10;10;10;10,0;1;2;3;4;5;6;7,6604800,3.38084e+08,1.71094e+08,3.37183e+07,258,258,1.69908e+07,1.34578e+09,1.34578e+09,2.45925,2.45925,1.69908e+07,31.0487,547.232,546.528,563.904,3,6604800,1,2058,2058
append,d256-h16-kv2,fp8,identity,graph,cold,8,16,2048;2048;2048;2048;2048;2048;2048;2048,16;16;16;16;16;16;16;16,0;1;2;3;4;5;6;7,10567680,5.41721e+08,2.74147e+08,3.38166e+07,258,258,1.70404e+07,2.1564e+09,2.1564e+09,3.35428,3.35428,1.70404e+07,26.5063,642.88,641.152,658.048,3,10567680,1,2064,2064
append,d256-h16-kv2,fp8,identity,graph,cold,8,1,8192;8192;8192;8192;8192;8192;8192;8192,1;1;1;1;1;1;1;1,0;1;2;3;4;5;6;7,660480,1.34398e+08,6.77971e+07,1.34234e+08,258,258,6.76414e+07,5.36936e+08,5.36936e+08,1.63956,1.63956,6.76414e+07,206.546,327.488,325.28,338.304,2,660480,1,8193,8193
append,d256-h16-kv2,fp8,identity,graph,cold,8,10,8192;8192;8192;8192;8192;8192;8192;8192,10;10;10;10;10;10;10;10,0;1;2;3;4;5;6;7,6604800,1.34472e+09,6.78343e+08,1.34382e+08,258,258,6.77157e+07,5.37231e+09,5.37231e+09,3.69505,3.69505,6.77157e+07,46.5746,1453.92,1450.72,1488.58,3,6604800,1,8202,8202
append,d256-h16-kv2,fp8,identity,graph,cold,8,16,8192;8192;8192;8192;8192;8192;8192;8192,16;16;16;16;16;16;16;16,0;1;2;3;4;5;6;7,10567680,2.15233e+09,1.08574e+09,1.3448e+08,258,258,6.77652e+07,8.59885e+09,8.59885e+09,5.3976,5.3976,6.77652e+07,42.537,1593.09,1586.94,1630.02,3,10567680,1,8208,8208
append,d256-h16-kv2,fp8,identity,graph,cold,8,1,32768;32768;32768;32768;32768;32768;32768;32768,1;1;1;1;1;1;1;1,0;1;2;3;4;5;6;7,660480,5.37051e+08,2.70697e+08,5.36887e+08,258,258,2.70541e+08,2.14755e+09,2.14755e+09,1.79859,1.79859,2.70541e+08,226.581,1194.02,1174.85,1211.39,2,660480,1,32769,32769
append,d256-h16-kv2,fp8,identity,graph,cold,8,10,32768;32768;32768;32768;32768;32768;32768;32768,10;10;10;10;10;10;10;10,0;1;2;3;4;5;6;7,6604800,5.37125e+09,2.70734e+09,5.37035e+08,258,258,2.70615e+08,2.14784e+10,2.14784e+10,4.15772,4.15772,2.70615e+08,52.3847,5165.92,5127.42,5201.92,3,6604800,1,32778,32778
append,d256-h16-kv2,fp8,identity,graph,cold,8,16,32768;32768;32768;32768;32768;32768;32768;32768,16;16;16;16;16;16;16;16,0;1;2;3;4;5;6;7,10567680,8.59478e+09,4.33214e+09,5.37133e+08,258,258,2.70665e+08,3.43687e+10,3.43687e+10,6.30945,6.30945,2.70665e+08,49.6891,5447.17,5403.49,5493.44,3,10567680,1,32784,32784
