n,k,t,candidate,median_us,min_us,p95_us
14336,5120,256,-1,1080.2240,1074.8481,1416.4160
14336,5120,256,0,1244.0000,1240.9281,1264.4800
14336,5120,256,20,1244.6719,1239.8720,1270.6240
14336,5120,256,40,1244.4479,1239.8720,1268.0000
14336,5120,256,80,1228.0000,1213.0240,1246.9760
14336,5120,256,170,1250.1121,1238.8480,1268.1280
14336,5120,256,1,1276.4480,1271.1360,1281.8559
14336,5120,256,2,1241.3760,1234.7521,1265.4721
14336,5120,256,3,1255.3600,1250.5280,1263.3600
14336,5120,256,4,1544.0640,1534.1440,1556.8320
14336,5120,256,5,3416.8961,3393.4720,3436.7361
14336,5120,256,6,3395.9680,3371.8719,3422.0800
14336,5120,384,-1,1851.2321,1841.8241,1870.2080
14336,5120,384,0,1853.3440,1848.1280,1875.7761
14336,5120,384,20,1793.5040,1766.1760,1805.4080
14336,5120,384,40,1754.7520,1739.5840,1771.1360
14336,5120,384,80,1752.7040,1742.4639,1775.3921
14336,5120,384,170,1851.7441,1849.1200,1877.8239
14336,5120,384,1,1897.3759,1892.4800,1901.3760
14336,5120,384,2,2459.0721,2444.8960,2473.7921
14336,5120,384,3,2476.6719,2473.7921,2486.0799
14336,5120,384,4,3012.4159,3007.3280,3025.7280
14336,5120,384,5,6200.1281,6167.3279,6237.9522
14336,5120,384,6,6267.0398,6235.9681,6293.2801
14336,5120,512,-1,2458.5600,2451.1039,2471.5199
14336,5120,512,0,2468.1599,2460.4800,2485.2159
14336,5120,512,20,2325.3119,2308.8000,2346.8161
14336,5120,512,40,2469.6960,2458.9441,2486.0799
14336,5120,512,80,2466.9120,2460.4480,2488.3840
14336,5120,512,170,2414.2079,2393.9199,2427.7761
14336,5120,512,1,2520.9279,2515.4560,2525.0239
14336,5120,512,2,2465.7600,2453.9840,2487.0400
14336,5120,512,3,2480.9921,2476.0959,2491.6480
14336,5120,512,4,3028.0321,3016.6719,3037.0240
14336,5120,512,5,6286.1438,6219.8081,6317.8878
14336,5120,512,6,6233.9840,6194.2720,6266.2082
14336,5120,768,-1,3678.2720,3668.8960,3694.9120
14336,5120,768,0,3694.6239,3683.1040,3701.5040
14336,5120,768,20,3692.7681,3681.1199,3706.6879
14336,5120,768,40,3489.6319,3475.2960,3497.1840
14336,5120,768,80,3471.8721,3460.9599,3481.4401
14336,5120,768,170,3692.8000,3683.1679,3703.6481
14336,5120,768,1,3731.2961,3714.9119,3768.1921
14336,5120,768,2,3686.2400,3667.1679,3704.6721
14336,5120,768,3,3711.0720,3699.9359,3717.9840
14336,5120,768,4,4433.1198,4418.7522,4458.3359
14336,5120,768,5,9679.6484,9628.4475,9709.7597
14336,5120,768,6,9584.3201,9534.2722,9605.9523
14336,5120,1024,-1,4892.4799,4866.9438,4907.4559
14336,5120,1024,0,4912.0002,4897.5682,4936.2559
14336,5120,1024,20,4624.1598,4609.0560,4638.5279
14336,5120,1024,40,4613.1840,4601.2478,4632.5440
14336,5120,1024,80,4908.4802,4895.6800,4919.1360
14336,5120,1024,170,4912.2882,4895.6800,4933.4402
14336,5120,1024,1,4860.7039,4850.8801,4873.8241
14336,5120,1024,2,4912.1280,4888.3839,4935.3919
14336,5120,1024,3,4819.8080,4789.0558,4838.3679
14336,5120,1024,4,5833.5361,5823.4882,5856.0638
14336,5120,1024,5,12526.1116,12465.1518,12585.7916
14336,5120,1024,6,12398.7198,12349.2165,12489.6955
16384,5120,256,-1,1438.5600,1434.5920,1463.1360
16384,5120,256,0,1444.6400,1439.0720,1468.1280
16384,5120,256,20,1373.6000,1352.5120,1404.6720
16384,5120,256,40,1341.2160,1336.5760,1359.9360
16384,5120,256,80,1444.0320,1440.0640,1471.2321
16384,5120,256,170,1443.3280,1440.4800,1463.2640
16384,5120,256,1,1478.4960,1472.2559,1484.8959
16384,5120,256,2,1437.5041,1432.3840,1465.1840
16384,5120,256,3,1452.8641,1449.7920,1456.3520
16384,5120,256,4,1780.9280,1776.5760,1786.6880
16384,5120,256,5,3823.4880,3796.9279,3851.6159
16384,5120,256,6,3790.1440,3773.2480,3807.0719
16384,5120,384,-1,2066.7200,2058.2080,2081.4719
16384,5120,384,0,2065.5680,2054.9440,2083.6160
16384,5120,384,20,2066.6881,2054.9440,2085.6640
16384,5120,384,40,2066.1440,2054.8160,2080.5440
16384,5120,384,80,2047.7760,2035.2321,2062.1121
16384,5120,384,170,2010.9761,1998.6560,2028.3520
16384,5120,384,1,2118.9761,2106.4639,2129.9520
16384,5120,384,2,2847.4879,2839.5841,2868.5441
16384,5120,384,3,2831.1360,2815.9039,2851.8400
16384,5120,384,4,3372.8321,3360.8639,3387.1679
16384,5120,384,5,7113.5039,7094.5282,7159.5840
16384,5120,384,6,7201.5681,7175.8718,7227.4241
16384,5120,512,-1,2242.3999,2240.7360,2287.5521
16384,5120,512,0,2270.8480,2250.4001,2299.0720
16384,5120,512,20,2255.6479,2249.5041,2299.6800
16384,5120,512,40,2265.8880,2249.6641,2295.5201
16384,5120,512,80,2244.5121,2235.1680,2283.2000
16384,5120,512,170,2247.4880,2244.4479,2286.4320
16384,5120,512,1,2846.5281,2823.9360,2861.8879
16384,5120,512,2,2861.9201,2851.6800,2888.5441
16384,5120,512,3,2839.3281,2819.8400,2861.7921
16384,5120,512,4,3387.1679,3376.5121,3408.7040
16384,5120,512,5,7201.4079,7170.4321,7237.4082
16384,5120,512,6,7139.0719,7093.8878,7200.5439
16384,5120,768,-1,4098.7840,4089.6320,4114.1438
16384,5120,768,0,4113.2159,4097.8560,4134.9440
16384,5120,768,20,3972.5759,3936.0640,3998.5280
16384,5120,768,40,4116.2882,4093.7600,4143.8079
16384,5120,768,80,4119.3600,4096.8318,4135.4241
16384,5120,768,170,4015.9359,3991.3599,4043.2639
16384,5120,768,1,4189.0240,4181.3760,4203.2318
16384,5120,768,2,4131.7759,4105.2160,4167.4881
16384,5120,768,3,4135.1361,4127.8081,4143.1999
16384,5120,768,4,5038.8799,5023.5200,5055.1038
16384,5120,768,5,10732.8320,10677.4082,10806.1438
16384,5120,768,6,10675.9682,10593.8883,10785.9201
16384,5120,1024,-1,5386.1442,5353.3120,5404.4800
16384,5120,1024,0,5537.6000,5522.2402,5562.3360
16384,5120,1024,20,5537.6000,5518.1441,5550.2400
16384,5120,1024,40,5530.7841,5522.2721,5542.7198
16384,5120,1024,80,5285.7599,5271.1682,5293.8881
16384,5120,1024,170,5252.9278,5243.0720,5266.6559
16384,5120,1024,1,5536.5758,5505.8560,5565.8879
16384,5120,1024,2,5525.6319,5497.6640,5555.8081
16384,5120,1024,3,5518.9762,5475.1358,5540.5760
16384,5120,1024,4,6637.3758,6623.4879,6657.7282
16384,5120,1024,5,13944.6402,13849.8878,14008.1596
16384,5120,1024,6,13830.9755,13737.8244,13953.3119
34816,5120,256,-1,2974.3681,2925.4079,2990.9120
34816,5120,256,0,2955.1041,2935.6160,2984.8001
34816,5120,256,20,2953.6960,2929.6961,2970.0480
34816,5120,256,40,2950.0480,2929.4720,2976.4161
34816,5120,256,80,2851.6481,2838.3360,2869.4720
34816,5120,256,170,2949.3439,2927.9039,2974.3681
34816,5120,256,1,2964.2880,2946.8801,2980.3841
34816,5120,256,2,2981.6959,2967.4239,2999.1040
34816,5120,256,3,2911.2000,2896.7040,2929.0240
34816,5120,256,4,3576.6399,3562.8800,3595.0720
34816,5120,256,5,7724.8640,7674.6879,7777.2799
34816,5120,256,6,7654.2082,7604.0320,7697.0239
34816,5120,384,-1,4389.7281,4363.0719,4408.9918
34816,5120,384,0,4460.7358,4435.6160,4485.9519
34816,5120,384,20,4203.3281,4186.9440,4214.5920
34816,5120,384,40,4184.8001,4163.4879,4199.2321
34816,5120,384,80,4184.8960,4166.4639,4216.5761
34816,5120,384,170,4289.6638,4269.5041,4313.1518
34816,5120,384,1,4409.1520,4402.8802,4418.8480
34816,5120,384,2,5884.4800,5865.3121,5894.6242
34816,5120,384,3,5797.0238,5775.1679,5805.9201
34816,5120,384,4,7026.4959,7021.4081,7035.6798
34816,5120,384,5,14626.9121,14554.9765,14769.9842
34816,5120,384,6,14836.5440,14744.1597,14966.4640
34816,5120,512,-1,5708.6401,5695.2639,5730.1440
34816,5120,512,0,5860.1279,5841.8560,5898.2081
34816,5120,512,20,5610.2719,5574.4319,5630.7521
34816,5120,512,40,5860.0640,5833.5042,5893.9199
34816,5120,512,80,5860.4479,5828.3200,5900.0320
34816,5120,512,170,5580.6079,5566.2718,5610.5599
34816,5120,512,1,5884.7361,5872.4480,5896.2560
34816,5120,512,2,5901.1202,5873.4722,5929.9521
34816,5120,512,3,5803.7438,5790.3681,5812.0322
34816,5120,512,4,7059.2642,7032.7358,7073.5998
34816,5120,512,5,14761.7922,14709.9199,14871.3598
34816,5120,512,6,14677.8879,14630.5599,14863.1039
34816,5120,768,-1,8728.2877,8712.8963,8744.7996
34816,5120,768,0,8758.2722,8742.7197,8779.5839
34816,5120,768,20,8756.1598,8746.9444,8768.2877
34816,5120,768,40,8305.5038,8291.0719,8322.7520
34816,5120,768,80,8305.4724,8291.1358,8319.1357
34816,5120,768,170,8757.5045,8745.7924,8783.2642
34816,5120,768,1,8783.4558,8768.3201,8792.8963
34816,5120,768,2,8744.7681,8734.3044,8775.3916
34816,5120,768,3,8672.0638,8660.9602,8705.7600
34816,5120,768,4,10552.1278,10526.5284,10571.5837
34816,5120,768,5,22378.7518,22278.2402,22473.5031
34816,5120,768,6,22151.5198,22057.3444,22249.3114
34816,5120,1024,-1,11389.7600,11371.3284,11409.2159
34816,5120,1024,0,11612.9599,11592.5121,11626.3037
34816,5120,1024,20,11031.7764,11022.8157,11048.3198
34816,5120,1024,40,11027.2636,11001.6642,11072.3200
34816,5120,1024,80,11607.1997,11586.3361,11626.1759
34816,5120,1024,170,11152.2560,11114.0804,11168.4160
34816,5120,1024,1,11689.9519,11666.7204,11704.2561
34816,5120,1024,2,11596.7999,11571.0077,11675.2319
34816,5120,1024,3,11541.2798,11523.2325,11563.9038
34816,5120,1024,4,13993.8879,13966.6557,14026.5284
34816,5120,1024,5,29549.7608,29388.6089,29716.2552
34816,5120,1024,6,29369.1521,29161.4399,29503.8719
5120,6144,256,-1,495.4560,494.4000,507.8080
5120,6144,256,0,432.3840,431.9360,447.2960
5120,6144,256,20,432.9600,431.9040,441.0880
5120,6144,256,40,432.3200,431.7760,444.2240
5120,6144,256,80,432.3200,431.6160,444.1280
5120,6144,256,170,492.3520,491.3280,499.9360
5120,6144,256,1,548.0640,536.3520,556.8640
5120,6144,256,2,561.9840,552.7680,573.4400
5120,6144,256,3,547.6480,536.7360,555.9040
5120,6144,256,4,659.7440,646.9120,671.2640
5120,6144,256,5,1478.8480,1463.1040,1501.8240
5120,6144,256,6,1475.3600,1449.3760,1509.1840
5120,6144,384,-1,625.5040,624.8960,634.7200
5120,6144,384,0,642.9120,642.2720,654.3040
5120,6144,384,20,642.8800,642.2720,653.2800
5120,6144,384,40,642.8800,642.2400,655.6160
5120,6144,384,80,664.3840,663.3600,678.5920
5120,6144,384,170,642.8800,642.2400,654.0480
5120,6144,384,1,808.8320,801.6000,827.5520
5120,6144,384,2,1106.8161,1099.0400,1121.6640
5120,6144,384,3,1071.5200,1066.7840,1090.3680
5120,6144,384,4,1283.0400,1278.7840,1295.5520
5120,6144,384,5,2907.9361,2879.2961,2950.2079
5120,6144,384,6,2936.6400,2910.5279,2954.9439
5120,6144,512,-1,831.1680,830.2400,845.6320
5120,6144,512,0,853.8240,853.0240,869.1520
5120,6144,512,20,853.7600,852.7680,872.2240
5120,6144,512,40,853.8240,852.8000,872.2240
5120,6144,512,80,853.8560,853.1840,868.3840
5120,6144,512,170,854.8480,852.7680,867.2000
5120,6144,512,1,1078.5600,1069.8240,1104.8000
5120,6144,512,2,1111.9040,1102.6880,1124.2880
5120,6144,512,3,1082.8800,1072.9920,1095.3600
5120,6144,512,4,1292.7361,1287.1360,1300.2880
5120,6144,512,5,2931.4880,2913.0559,2967.2000
5120,6144,512,6,2918.3359,2888.7999,2946.8479
5120,6144,768,-1,1326.9120,1325.1520,1349.0560
5120,6144,768,0,1273.6640,1272.7680,1290.5920
5120,6144,768,20,1273.6640,1272.6721,1298.1440
5120,6144,768,40,1273.6640,1272.4479,1290.3039
5120,6144,768,80,1273.6640,1272.6400,1290.7521
5120,6144,768,170,1320.7680,1318.5600,1338.1760
5120,6144,768,1,1617.6960,1600.7680,1634.1120
5120,6144,768,2,1664.8320,1650.4960,1671.0080
5120,6144,768,3,1614.6880,1600.8000,1642.8800
5120,6144,768,4,1934.4640,1919.8080,1942.9760
5120,6144,768,5,4397.2158,4363.6799,4434.7520
5120,6144,768,6,4372.7360,4337.3761,4395.8082
5120,6144,1024,-1,2203.4240,2175.8080,2228.0321
5120,6144,1024,0,2189.1201,2170.9120,2205.5681
5120,6144,1024,20,2189.6961,2173.7599,2214.8480
5120,6144,1024,40,2190.1441,2176.8320,2198.3359
5120,6144,1024,80,2191.1681,2177.8240,2233.1519
5120,6144,1024,170,2186.2400,2176.8320,2208.5440
5120,6144,1024,1,2153.7280,2134.8481,2176.4481
5120,6144,1024,2,2214.7200,2198.5919,2225.5361
5120,6144,1024,3,2146.1120,2132.8959,2171.4561
5120,6144,1024,4,2568.0001,2561.6319,2578.2399
5120,6144,1024,5,5858.7518,5827.4240,5901.1841
5120,6144,1024,6,5820.1919,5783.3600,5854.7840
5120,17408,256,-1,1292.2560,1290.8800,1310.5280
5120,17408,256,0,1174.3360,1172.2879,1191.6161
5120,17408,256,20,1175.2321,1171.2000,1188.2560
5120,17408,256,40,1175.3600,1171.2641,1188.7360
5120,17408,256,80,1175.3280,1172.3520,1190.9440
5120,17408,256,170,1284.9920,1284.2240,1299.2320
5120,17408,256,1,1505.2160,1472.4480,1539.1680
5120,17408,256,2,1583.9360,1531.6800,1633.0880
5120,17408,256,3,1518.6880,1480.5440,1549.1199
5120,17408,256,4,1876.9920,1845.1200,1890.1440
5120,17408,256,5,4151.1040,4101.0561,4267.4241
5120,17408,256,6,4132.6718,4076.3841,4233.0241
5120,17408,384,-1,1723.2320,1720.0960,1756.7040
5120,17408,384,0,1512.2880,1510.7520,1532.7359
5120,17408,384,20,1516.4160,1511.1361,1545.2160
5120,17408,384,40,1512.2240,1510.4001,1551.9040
5120,17408,384,80,1512.2240,1510.5280,1546.0160
5120,17408,384,170,1730.3680,1727.2960,1764.9920
5120,17408,384,1,2238.2720,2211.6160,2263.8719
5120,17408,384,2,3093.9519,3073.6320,3126.0800
5120,17408,384,3,2989.8880,2967.6161,3030.3040
5120,17408,384,4,3698.8800,3679.0400,3726.1441
5120,17408,384,5,8212.0323,8104.2881,8279.2645
5120,17408,384,6,8304.4481,8232.7995,8376.0958
5120,17408,512,-1,3066.6881,3033.4079,3087.1680
5120,17408,512,0,3081.4719,3061.4719,3111.7439
5120,17408,512,20,3081.0239,3051.2960,3122.1120
5120,17408,512,40,3082.0799,3067.6799,3110.7199
5120,17408,512,80,3077.9519,3056.4480,3113.7600
5120,17408,512,170,3028.8000,2982.7199,3054.2400
5120,17408,512,1,2977.6001,2942.3039,2993.9520
5120,17408,512,2,3125.4079,3105.6001,3172.1280
5120,17408,512,3,3003.1681,2982.7199,3039.0401
5120,17408,512,4,3722.0480,3699.5201,3740.4799
5120,17408,512,5,8273.0885,8219.4557,8342.1764
5120,17408,512,6,8238.9116,8144.8317,8349.4396
5120,17408,768,-1,3037.8561,3034.7841,3079.8399
5120,17408,768,0,3039.2001,3019.5839,3060.7359
5120,17408,768,20,3021.2159,3018.2400,3061.2161
5120,17408,768,40,3026.8481,3018.6241,3059.5200
5120,17408,768,80,3039.9680,3018.6880,3067.7121
5120,17408,768,170,3021.6320,3018.8479,3063.6799
5120,17408,768,1,4462.9440,4418.3679,4530.4322
5120,17408,768,2,4682.2400,4641.6001,4762.4960
5120,17408,768,3,4508.3842,4466.4001,4593.4720
5120,17408,768,4,5595.9678,5546.8159,5624.9599
5120,17408,768,5,12402.6556,12331.7118,12459.8398
5120,17408,768,6,12330.9116,12235.0721,12435.2961
5120,17408,1024,-1,6236.8960,6219.5201,6260.5119
5120,17408,1024,0,6197.1202,6166.3680,6242.0802
5120,17408,1024,20,6200.1281,6134.6560,6265.0561
5120,17408,1024,40,6197.5999,6148.4799,6256.5441
5120,17408,1024,80,6197.0558,6155.0398,6242.7521
5120,17408,1024,170,6182.5280,6155.5519,6242.9438
5120,17408,1024,1,5958.0798,5934.9122,6003.9039
5120,17408,1024,2,6230.7839,6212.2879,6255.4240
5120,17408,1024,3,6033.6642,5997.3760,6087.6799
5120,17408,1024,4,7469.8882,7430.7518,7508.0638
5120,17408,1024,5,16551.9676,16406.3358,16656.1928
5120,17408,1024,6,16433.9848,16156.6391,16524.2233
