heads,t,dv,workspace_bytes,median_us,min_us,p95_us
32,16,8,204800,98.1760,96.2880,98.3040
32,16,16,204800,24.4480,24.3840,29.5040
32,16,32,204800,26.4640,25.0560,26.6240
32,16,64,204800,25.0240,24.2560,32.3520
32,17,8,409600,33.0880,32.6400,36.1600
32,17,16,409600,30.5920,30.4320,32.6400
32,17,32,409600,32.6400,32.5120,37.2160
32,17,64,409600,30.8160,30.6240,31.2960
32,32,8,409600,34.6560,33.8880,34.6880
32,32,16,409600,30.8480,30.6880,38.8160
32,32,32,409600,33.0880,32.6400,34.6240
32,32,64,409600,32.6400,31.3600,32.6720
32,64,8,819200,57.1520,54.9760,60.9600
32,64,16,819200,49.5040,49.0240,56.8000
32,64,32,819200,53.0880,51.3600,53.2160
32,64,64,819200,48.9920,48.8960,49.0560
32,65,8,1024000,65.3760,63.2960,80.4800
32,65,16,1024000,57.2160,57.0880,69.9520
32,65,32,1024000,59.8400,59.4880,61.3760
32,65,64,1024000,55.1680,54.9760,57.2160
32,128,8,1638400,100.2240,99.9680,108.6400
32,128,16,1638400,87.9040,87.7120,91.9680
32,128,32,1638400,92.0000,90.2080,104.7040
32,128,64,1638400,83.8080,81.8880,85.1520
32,256,8,3276800,194.3680,188.2560,204.4800
32,256,16,3276800,159.7760,159.4240,171.6800
32,256,32,3276800,165.7920,165.6640,173.5040
32,256,64,3276800,149.4080,149.2160,157.5680
32,1024,8,13107200,897.0560,698.2080,913.2800
32,1024,16,13107200,600.9600,598.4640,616.1920
32,1024,32,13107200,616.2880,615.2640,632.5760
32,1024,64,13107200,548.7040,545.6000,565.0240
48,16,8,241664,32.6400,32.4480,36.5120
48,16,16,241664,30.5920,30.4960,34.1760
48,16,32,241664,32.6080,32.4480,40.7040
48,16,64,241664,30.5920,29.2160,30.8480
48,17,8,483328,46.9120,46.6880,51.8720
48,17,16,483328,42.8800,42.6880,49.4080
48,17,32,483328,44.9280,44.5120,54.5280
48,17,64,483328,40.8320,40.2560,43.9360
48,32,8,483328,46.9440,46.7520,48.7040
48,32,16,483328,43.3280,42.8160,47.6160
48,32,32,483328,45.4720,44.7040,53.9520
48,32,64,483328,40.8320,40.6080,41.2480
48,64,8,966656,77.6640,75.8080,85.2160
48,64,16,966656,70.1120,69.5040,76.7040
48,64,32,966656,71.5520,71.3280,77.1840
48,64,64,966656,61.8240,61.0880,77.1200
48,65,8,1208320,89.9520,88.3840,93.1840
48,65,16,1208320,81.7600,81.7280,86.5280
48,65,32,1208320,82.4000,81.7280,84.9920
48,65,64,1208320,69.7920,69.3120,71.3920
48,128,8,1933312,141.1520,139.4560,154.8160
48,128,16,1933312,124.8000,123.1040,140.8640
48,128,32,1933312,124.7680,123.3920,141.2480
48,128,64,1933312,104.3200,104.1280,108.8960
48,256,8,3866624,278.9120,260.0320,292.7680
48,256,16,3866624,235.3600,233.2800,249.7280
48,256,32,3866624,233.0880,231.2960,242.2080
48,256,64,3866624,190.9760,190.4000,201.3760
48,1024,8,15466496,1018.7520,1003.3920,1538.2080
48,1024,16,15466496,892.8000,891.2000,908.2880
48,1024,32,15466496,874.7520,874.3360,900.5440
48,1024,64,15466496,713.6000,711.9040,729.5680
