candidate,t,median_us,min_us,p95_us
public_baseline,42,8385.1843,8379.6797,8398.7837
w2_t48,42,6665.0562,6635.3278,6673.4080
w4_t48,42,6867.8079,6854.1760,6884.0318
w8_t48,42,7449.4400,7395.1359,7484.4160
w2_t56,42,7514.9760,7470.9439,7573.2479
w4_t56,42,7627.6159,7572.5121,7652.6399
w8_t56,42,8222.7201,8182.6878,8255.0402
w2_t64,42,8191.1678,8140.4800,8246.1758
w4_t64,42,8476.8639,8435.5516,8514.4320
w8_t64,42,9272.3837,9210.7201,9301.4717
w2_t80,42,9790.3681,9775.3916,9810.8158
w4_t80,42,10181.4404,10178.5917,10223.4879
w2_t96,42,11387.8403,11362.5603,11409.5364
w4_t96,42,11901.7916,11896.6722,11945.6644
public_baseline,48,8398.0160,8389.5044,8425.2796
w2_t48,48,6736.2561,6706.3041,6745.9521
w4_t48,48,6982.4958,6955.7762,6986.1760
w8_t48,48,7515.6159,7481.6961,7532.5441
w2_t56,48,7612.0639,7587.2002,7624.7358
w4_t56,48,7688.0322,7629.6639,7696.1918
w8_t56,48,8187.6163,8184.6724,8192.7996
w2_t64,48,8296.3839,8253.3760,8354.6238
w4_t64,48,8606.3681,8603.4880,8614.7203
w8_t64,48,9293.6640,9245.5683,9337.6961
w2_t80,48,9916.2560,9905.9839,9945.9524
w4_t80,48,10329.3438,10320.8961,10350.2398
w2_t96,48,11524.8642,11516.1924,11593.2484
w4_t96,48,12148.0322,12114.0480,12169.3115
public_baseline,49,8387.4245,8350.3675,8450.3040
w2_t56,49,7614.8481,7545.6958,7694.1762
w4_t56,49,7692.5120,7636.3840,7740.4799
w8_t56,49,8209.2800,8178.7844,8212.0962
w2_t64,49,8335.3281,8321.8880,8382.2079
w4_t64,49,8644.7678,8641.2802,8656.2557
w8_t64,49,9356.1277,9328.0640,9399.6477
w2_t80,49,9959.7445,9925.4398,9972.1279
w4_t80,49,10352.4485,10300.3521,10399.5523
w2_t96,49,11572.3200,11548.4800,11614.8481
w4_t96,49,12202.2400,12152.6718,12213.0880
public_baseline,56,8422.5597,8366.1442,8443.7761
w2_t56,56,7701.3760,7637.8560,7720.8319
w4_t56,56,7756.0639,7752.1920,7773.2801
w8_t56,56,8331.6803,8306.3679,8343.3924
w2_t64,56,8442.1120,8390.4963,8466.7835
w4_t64,56,8810.3361,8754.5919,8838.1443
w8_t64,56,9447.2322,9396.1601,9488.1916
w2_t80,56,10074.0156,10051.3916,10102.6878
w4_t80,56,10522.7518,10496.8643,10550.0803
w2_t96,56,11735.5204,11718.9121,11756.3839
w4_t96,56,12468.0319,12413.1203,12474.2079
public_baseline,57,8424.4480,8416.1921,8437.6001
w2_t64,57,8469.2802,8450.8801,8474.4644
w4_t64,57,8830.7838,8825.0237,8857.4076
w8_t64,57,9476.4156,9475.1358,9522.9120
w2_t80,57,10105.1836,10086.4964,10139.4882
w4_t80,57,10556.2239,10526.7525,10575.7122
w2_t96,57,11770.8158,11752.2879,11801.9838
w4_t96,57,12513.7281,12462.7523,12522.3360
public_baseline,63,8438.6244,8432.4484,8461.6642
w2_t64,63,8581.9521,8560.4162,8594.2402
w4_t64,63,8982.3685,8978.2724,9016.1600
w8_t64,63,9643.4565,9623.3597,9650.4641
w2_t80,63,10226.5596,10184.5436,10258.3361
w4_t80,63,10674.0160,10670.9442,10705.9517
w2_t96,63,11928.5765,11894.6238,11961.2160
w4_t96,63,12715.9042,12659.1997,12729.2156
public_baseline,64,8365.9515,8359.8404,8398.8161
w2_t64,64,8609.6315,8590.1756,8611.8078
w4_t64,64,9012.1603,9010.3683,9045.1517
w8_t64,64,9676.6081,9652.0319,9708.2882
w2_t80,64,10239.8720,10233.8877,10273.5682
w4_t80,64,10718.4963,10695.4880,10735.4565
w2_t96,64,11976.4795,11922.7839,11992.4803
w4_t96,64,12737.3438,12692.6403,12756.3524
public_baseline,65,14027.3924,13967.6476,14035.8400
w2_t80,65,10242.8160,10189.9519,10305.3122
w4_t80,65,10774.3683,10749.1198,10795.9995
w2_t96,65,11977.5677,11948.8964,12038.0478
w4_t96,65,12782.5279,12731.1363,12788.5437
public_baseline,80,13988.6723,13960.9919,14003.0079
w2_t80,80,10458.9758,10425.1518,10527.9684
w4_t80,80,11133.0881,11125.4721,11175.6477
w2_t96,80,12353.5357,12314.6563,12376.1921
w4_t96,80,13227.7441,13183.8398,13254.0798
public_baseline,81,13995.6160,13935.9684,14013.2484
w2_t96,81,12405.5996,12344.2240,12425.4723
w4_t96,81,13329.2484,13306.7198,13337.4081
public_baseline,95,14000.9918,13965.1203,14006.1121
w2_t96,95,12804.0638,12755.7764,12838.7842
w4_t96,95,13767.5200,13738.8802,13775.7120
public_baseline,96,13517.5362,13468.5116,13539.7444
w2_t96,96,12858.2401,12795.7764,12893.0244
w4_t96,96,13793.7918,13772.7356,13815.5842
