warps,capacity,tokens,median_us,p95_us
2,8,1,5025.02,5102.85
4,8,1,4818.91,4925.12
8,8,1,4838.08,4864.74
16,8,1,7085.06,7092.29
2,8,2,4753.66,5012.86
4,8,2,4854.59,4978.53
8,8,2,4844.8,4854.46
16,8,2,7127.04,7131.97
2,8,5,4852.03,5007.33
4,8,5,4776.58,5040.96
8,8,5,4791.1,4864.35
16,8,5,7125.82,7133.12
2,8,8,4818.08,4933.5
4,8,8,4819.84,4861.18
8,8,8,4796.26,4920.29
16,8,8,7107.68,7127.87
2,16,9,4779.84,4947.78
4,16,9,4879.2,4918.59
8,16,9,5484.38,5490.72
16,16,9,7147.33,7210.88
2,16,16,4829.28,4917.06
4,16,16,4837.18,4941.09
8,16,16,5497.92,5507.9
16,16,16,7220.1,7232.38
2,32,20,5043.36,5108.93
4,32,20,5056.32,5137.41
8,32,20,5839.71,5856.13
16,32,20,8401.66,8477.5
2,32,24,5040.93,5162.59
4,32,24,5136.16,5156.13
8,32,24,5866.37,5901.76
16,32,24,8510.27,8520.83
2,32,32,5102.72,5185.34
4,32,32,5215.04,5260.1
8,32,32,6172.48,6199.46
16,32,32,8792.58,8899.36
