label,qtype,policy,N,K,T,weight_bytes,x_bytes,out_bytes,model_bytes,useful_flops,median_us,min_us,p95_us,effective_gbs,dram_spec_gbs,dram_spec_pct,sustained_read_gbs,sustained_read_pct,useful_tflops,tensor_profile,tensor_peak_tflops,tensor_peak_pct,memory_floor_us,memory_floor_pct,t1_linear_extrapolation,delta_pct,warmup,repeat,flush_bytes,execution,graph_nodes,graph_calls
"sweep",FP8,A16,248320,5120,1,1271895040,10240,496640,1272401920,2.5428e+09,4993.89,4813.5,5163.87,254.792,1792,14.2183,1674.5,15.216,0.509182,,,,710.046,14.2183,1,,3,8,268435456,graph,1,1
"sweep",FP8,A16,248320,5120,2,1271895040,20480,993280,1272908800,5.08559e+09,4974.78,4869.06,5134.18,255.872,1792,14.2786,1674.5,15.2805,1.02227,,,,710.329,14.2786,2.00768,-0.382548,3,8,268435456,graph,1,1
"sweep",FP8,A16,248320,5120,3,1271895040,30720,1489920,1273415680,7.62839e+09,4991.1,4813.25,5177.79,255.137,1792,14.2376,1674.5,15.2366,1.5284,,,,710.611,14.2376,3.00167,0.328059,3,8,268435456,graph,1,1
"sweep",FP8,A16,248320,5120,4,1271895040,40960,1986560,1273922560,1.01712e+10,4944.74,4866.78,5135.2,257.632,1792,14.3768,1674.5,15.3856,2.05697,,,,710.894,14.3768,4.03976,-0.929015,3,8,268435456,graph,1,1
"sweep",FP8,A16,248320,5120,5,1271895040,51200,2483200,1274429440,1.2714e+10,5018.46,4819.81,5116.77,253.948,1792,14.1712,1674.5,15.1656,2.53344,,,,711.177,14.1712,4.97551,1.49104,3,8,268435456,graph,1,1
"sweep",FP8,A16,248320,5120,6,1271895040,61440,2979840,1274936320,1.52568e+10,4926.11,4860.7,5143.42,258.812,1792,14.4426,1674.5,15.4561,3.09712,,,,711.46,14.4426,6.08255,-1.84024,3,8,268435456,graph,1,1
"sweep",FP8,A16,248320,5120,7,1271895040,71680,3476480,1275443200,1.77996e+10,5038.18,4817.79,5154.78,253.156,1792,14.127,1674.5,15.1183,3.53294,,,,711.743,14.127,6.93847,2.2749,3,8,268435456,graph,1,1
"sweep",FP8,A16,248320,5120,8,1271895040,81920,3973120,1275950080,2.03424e+10,4952.13,4815.94,5250.94,257.657,1792,14.3782,1674.5,15.3871,4.1078,,,,712.026,14.3782,8.06746,-1.70792,3,8,268435456,graph,1,1
"sweep",FP8,A16,248320,5120,9,1271895040,92160,4469760,1276456960,2.28852e+10,4881.25,4872.06,5348.1,261.502,1792,14.5928,1674.5,15.6167,4.68839,,,,712.309,14.5928,9.20768,-1.4313,3,8,268435456,graph,1,1
"sweep",FP8,A16,248320,5120,10,1271895040,102400,4966400,1276963840,2.5428e+10,5032.29,4878.14,5384.99,253.754,1792,14.1604,1674.5,15.154,5.05296,,,,712.591,14.1604,9.92369,3.09429,3,8,268435456,graph,1,1
"sweep",FP8,A16,248320,5120,11,1271895040,112640,5463040,1277470720,2.79708e+10,5133.79,4883.3,5294.94,248.836,1792,13.8859,1674.5,14.8603,5.44836,,,,712.874,13.8859,10.7002,2.01705,3,8,268435456,graph,1,1
"sweep",FP8,A16,248320,5120,12,1271895040,122880,5959680,1277977600,3.05136e+10,4884.32,4880.29,5315.23,261.649,1792,14.601,1674.5,15.6255,6.24725,,,,713.157,14.601,12.2692,-4.85941,3,8,268435456,graph,1,1
"sweep",FP8,A16,248320,5120,13,1271895040,133120,6456320,1278484480,3.30564e+10,5074.08,4888.9,5416.86,251.964,1792,14.0605,1674.5,15.0471,6.51475,,,,713.44,14.0605,12.7945,3.88509,3,8,268435456,graph,1,1
"sweep",FP8,A16,248320,5120,14,1271895040,143360,6952960,1278991360,3.55992e+10,5111.42,4894.37,5406.56,250.222,1792,13.9633,1674.5,14.9431,6.96463,,,,713.723,13.9633,13.6781,0.735975,3,8,268435456,graph,1,1
"sweep",FP8,A16,248320,5120,15,1271895040,153600,7449600,1279498240,3.8142e+10,5227.36,4892.54,5277.54,244.77,1792,13.659,1674.5,14.6175,7.2966,,,,714.006,13.659,14.33,2.26817,3,8,268435456,graph,1,1
"sweep",FP8,A16,248320,5120,16,1271895040,163840,7946240,1280005120,4.06847e+10,5205.86,4892.51,5338.62,245.878,1792,13.7209,1674.5,14.6837,7.81519,,,,714.289,13.7209,15.3485,-0.411373,3,8,268435456,graph,1,1
"sweep",FP8,A16,248320,5120,17,1271895040,174080,8442880,1280512000,4.32275e+10,5238.66,4996,5375.1,244.435,1792,13.6404,1674.5,14.5975,8.25165,,,,714.571,13.6404,16.2057,0.630064,3,8,268435456,graph,1,1
"sweep",FP8,A16,248320,5120,18,1271895040,184320,8939520,1281018880,4.57703e+10,5094.56,5001.09,5356.35,251.448,1792,14.0317,1674.5,15.0163,8.98416,,,,714.854,14.0317,17.6443,-2.75063,3,8,268435456,graph,1,1
"sweep",FP8,A16,248320,5120,19,1271895040,194560,9436160,1281525760,4.83131e+10,5038.11,5003.36,5413.22,254.366,1792,14.1945,1674.5,15.1906,9.58953,,,,715.137,14.1945,18.8332,-1.10801,3,8,268435456,graph,1,1
"sweep",FP8,A16,248320,5120,20,1271895040,204800,9932800,1282032640,5.08559e+10,5148.32,5006.18,5285.63,249.02,1792,13.8962,1674.5,14.8713,9.87816,,,,715.42,13.8962,19.4001,2.18749,3,8,268435456,graph,1,1
"sweep",FP8,A16,248320,5120,21,1271895040,215040,10429440,1282539520,5.33987e+10,5240.67,5010.27,5389.5,244.728,1792,13.6567,1674.5,14.615,10.1893,,,,715.703,13.6567,20.0111,1.79383,3,8,268435456,graph,1,1
"sweep",FP8,A16,248320,5120,22,1271895040,225280,10926080,1283046400,5.59415e+10,5203.04,5010.27,5306.21,246.596,1792,13.7609,1674.5,14.7265,10.7517,,,,715.986,13.7609,21.1156,-0.718076,3,8,268435456,graph,1,1
"sweep",FP8,A16,248320,5120,23,1271895040,235520,11422720,1283553280,5.84843e+10,5279.71,5019.65,5338.3,243.11,1792,13.5664,1674.5,14.5184,11.0772,,,,716.269,13.5664,21.7549,1.4736,3,8,268435456,graph,1,1
"sweep",FP8,A16,248320,5120,24,1271895040,245760,11919360,1284060160,6.10271e+10,5134.08,5021.09,5296.13,250.105,1792,13.9568,1674.5,14.9361,11.8867,,,,716.551,13.9568,23.3447,-2.75834,3,8,268435456,graph,1,1
"sweep",FP8,A16,248320,5120,25,1271895040,256000,12416000,1284567040,6.35699e+10,5265.7,5150.82,5370.11,243.95,1792,13.6133,1674.5,14.5685,12.0725,,,,716.834,13.6133,23.7095,2.56358,3,8,268435456,graph,1,1
"sweep",FP8,A16,248320,5120,26,1271895040,266240,12912640,1285073920,6.61127e+10,5341.6,5163.23,5418.88,240.578,1792,13.4251,1674.5,14.3672,12.377,,,,717.117,13.4251,24.3075,1.44148,3,8,268435456,graph,1,1
"sweep",FP8,A16,248320,5120,27,1271895040,276480,13409280,1285580800,6.86555e+10,5356.42,5161.86,5382.02,240.008,1792,13.3933,1674.5,14.3331,12.8174,,,,717.4,13.3933,25.1726,0.277375,3,8,268435456,graph,1,1
"sweep",FP8,A16,248320,5120,28,1271895040,286720,13905920,1286087680,7.11983e+10,5225.31,5171.04,5349.22,246.126,1792,13.7347,1674.5,14.6985,13.6257,,,,717.683,13.7347,26.7599,-2.44761,3,8,268435456,graph,1,1
"sweep",FP8,A16,248320,5120,29,1271895040,296960,14402560,1286594560,7.37411e+10,5243.17,5179.23,5342.94,245.385,1792,13.6934,1674.5,14.6542,14.0642,,,,717.966,13.6934,27.6212,0.341714,3,8,268435456,graph,1,1
"sweep",FP8,A16,248320,5120,30,1271895040,307200,14899200,1287101440,7.62839e+10,5270.91,5188.45,5356.38,244.19,1792,13.6266,1674.5,14.5828,14.4726,,,,718.249,13.6266,28.4233,0.529151,3,8,268435456,graph,1,1
"sweep",FP8,A16,248320,5120,31,1271895040,317440,15395840,1287608320,7.88267e+10,5209.79,5187.42,5368.35,247.152,1792,13.7919,1674.5,14.7597,15.1305,,,,718.531,13.7919,29.7153,-1.15957,3,8,268435456,graph,1,1
"sweep",FP8,A16,248320,5120,32,1271895040,327680,15892480,1288115200,8.13695e+10,5317.7,5196.8,5348.13,242.232,1792,13.5174,1674.5,14.4659,15.3016,,,,718.814,13.5174,30.0514,2.07118,3,8,268435456,graph,1,1
"sweep",FP8,A16,248320,5120,33,1271895040,337920,16389120,1288622080,8.39123e+10,5900.9,5863.26,5971.33,218.377,1792,12.1862,1674.5,13.0413,14.2203,,,,719.097,12.1862,27.9277,10.9672,3,8,268435456,graph,1,1
"sweep",FP8,A16,248320,5120,34,1271895040,348160,16885760,1289128960,8.64551e+10,5928.7,5875.58,5997.5,217.439,1792,12.1338,1674.5,12.9853,14.5825,,,,719.38,12.1338,28.639,0.471246,3,8,268435456,graph,1,1
"sweep",FP8,A16,248320,5120,35,1271895040,358400,17382400,1289635840,8.89979e+10,5960.8,5885.41,5980.06,216.353,1792,12.0733,1674.5,12.9204,14.9305,,,,719.663,12.0733,29.3226,0.541373,3,8,268435456,graph,1,1
"sweep",FP8,A16,248320,5120,36,1271895040,368640,17879040,1290142720,9.15407e+10,5956.45,5902.53,6021.95,216.596,1792,12.0868,1674.5,12.935,15.3683,,,,719.946,12.0868,30.1824,-0.0730119,3,8,268435456,graph,1,1
"sweep",FP8,A16,248320,5120,37,1271895040,378880,18375680,1290649600,9.40835e+10,5977.98,5904.22,6035.49,215.9,1792,12.048,1674.5,12.8934,15.7383,,,,720.229,12.048,30.9091,0.361556,3,8,268435456,graph,1,1
"sweep",FP8,A16,248320,5120,38,1271895040,389120,18872320,1291156480,9.66263e+10,5966.98,5920.61,6021.41,216.384,1792,12.075,1674.5,12.9223,16.1935,,,,720.511,12.075,31.803,-0.184139,3,8,268435456,graph,1,1
"sweep",FP8,A16,248320,5120,39,1271895040,399360,19368960,1291663360,9.91691e+10,5968.77,5928.29,6023.52,216.404,1792,12.0761,1674.5,12.9235,16.6147,,,,720.794,12.0761,32.6301,0.0300312,3,8,268435456,graph,1,1
"sweep",FP8,A16,248320,5120,40,1271895040,409600,19865600,1292170240,1.01712e+11,5988.35,5939.07,6067.04,215.781,1792,12.0413,1674.5,12.8863,16.985,,,,721.077,12.0413,33.3573,0.328103,3,8,268435456,graph,1,1
"sweep",FP8,A16,248320,5120,41,1271895040,419840,20362240,1292677120,1.04255e+11,6678.37,6663.04,6687.58,193.562,1792,10.8014,1674.5,11.5594,15.6108,,,,721.36,10.8014,30.6586,11.5226,3,8,268435456,graph,1,1
