d,heads,t,prefetch,median_us,min_us,p95_us
128,48,1,1,6.2400,5.7920,7.3600
128,48,1,0,8.0000,6.1440,8.3520
128,48,2,1,6.2400,5.9200,14.1760
128,48,2,0,8.0000,6.1760,8.8960
128,48,4,1,6.3360,5.8560,8.1280
128,48,4,0,8.0000,6.3680,8.4800
128,48,5,1,6.3360,5.7920,7.0400
128,48,5,0,8.0000,6.2400,9.2800
128,48,6,1,6.3040,5.9200,7.2960
128,48,6,0,8.0000,6.3040,8.1280
128,48,7,1,8.0000,6.2400,8.2240
128,48,7,0,7.9680,6.4000,9.2480
128,48,8,1,8.0000,6.2080,8.0960
128,48,8,0,8.0000,7.8400,8.1600
128,48,12,1,8.0320,7.7760,8.2240
128,48,12,0,8.0000,6.8480,8.0000
128,48,16,1,8.0000,7.6160,8.4800
128,48,16,0,8.0000,7.8080,10.1440
128,48,24,1,10.0480,9.2800,10.2400
128,48,24,0,10.0800,9.7600,14.4320
128,48,32,1,10.1760,10.0480,10.4640
128,48,32,0,10.1760,9.7600,10.6880
128,48,40,1,12.0960,10.5600,14.5280
128,48,40,0,12.1280,10.6240,13.0560
128,48,48,1,12.7680,12.2240,14.2080
128,48,48,0,14.1120,13.5680,17.5680
128,48,56,1,14.1440,13.4080,14.4000
128,48,56,0,14.1760,13.9520,14.8160
128,48,64,1,16.1600,15.9040,17.0880
128,48,64,0,16.1600,16.0000,16.8000
128,48,80,1,18.2400,16.5120,19.1040
128,48,80,0,18.2720,16.6080,19.0080
128,48,128,1,24.4160,24.0960,28.8640
128,48,128,0,24.5120,24.3840,26.5920
128,48,256,1,42.7840,40.9600,46.7840
128,48,256,0,42.8160,42.7200,47.5200
128,48,512,1,76.1280,75.4560,77.6960
128,48,512,0,80.0640,79.5200,88.1600
