dim,q_heads,axes,t,candidate,median_us,min_us,p95_us
256,24,1,1,0,8.0320,8.0000,8.0640
256,24,1,1,64,14.1760,13.5680,14.2720
256,24,1,1,128,10.0480,9.6640,10.1120
256,24,1,1,160,8.4480,8.2560,15.9040
256,24,1,1,192,8.2240,7.8720,8.3200
256,24,1,1,256,8.0320,7.8720,8.1280
256,24,1,1,512,6.1760,5.9520,7.8400
256,24,1,1,896,5.9840,5.8240,6.1760
256,24,1,4,0,6.0160,5.8240,6.5600
256,24,1,4,64,14.1440,14.0160,15.2960
256,24,1,4,128,9.9520,9.7280,10.0800
256,24,1,4,160,8.4800,8.2560,10.3360
256,24,1,4,192,8.0640,7.8400,8.5440
256,24,1,4,256,7.9680,7.3920,8.3200
256,24,1,4,512,6.1120,5.8560,6.6240
256,24,1,4,896,5.9520,5.6960,6.3040
256,24,1,6,0,5.9200,5.8240,6.3040
256,24,1,6,64,14.1440,14.0160,18.3360
256,24,1,6,128,10.0800,9.8240,10.4320
256,24,1,6,160,9.9520,8.3520,10.2720
256,24,1,6,192,8.0960,7.8400,15.0080
256,24,1,6,256,8.0320,7.7760,8.0640
256,24,1,6,512,6.3360,5.9520,8.0000
256,24,1,6,896,5.9520,5.6960,6.8480
256,24,1,7,0,8.0000,7.8400,10.6240
256,24,1,7,64,14.1760,13.7280,14.5920
256,24,1,7,128,10.0800,9.8880,10.8800
256,24,1,7,160,10.0480,8.4160,12.0960
256,24,1,7,192,8.3840,8.0000,10.4000
256,24,1,7,256,8.0320,7.6160,9.2480
256,24,1,7,512,6.4960,5.9520,7.9360
256,24,1,7,896,5.9840,5.8240,6.4320
256,24,1,8,0,8.0320,7.8720,8.3200
256,24,1,8,64,14.1440,13.8880,16.2880
256,24,1,8,128,10.0480,9.9200,10.2720
256,24,1,8,160,10.0480,8.3520,11.6160
256,24,1,8,192,8.3520,7.8400,8.5440
256,24,1,8,256,8.0320,7.8720,13.7920
256,24,1,8,512,6.5920,5.9840,7.9360
256,24,1,8,896,6.0160,5.8240,6.4000
256,24,1,10,0,8.0000,7.2960,8.1920
256,24,1,10,64,14.1440,13.9840,22.6240
256,24,1,10,128,10.0160,9.7920,10.1760
256,24,1,10,160,10.0480,8.3520,10.2400
256,24,1,10,192,8.3840,7.8720,10.0800
256,24,1,10,256,8.0320,7.6160,8.0640
256,24,1,10,512,6.5920,6.0160,12.0960
256,24,1,10,896,5.9840,5.8240,8.5760
256,24,1,16,0,8.0320,7.9040,8.1920
256,24,1,16,64,14.1760,14.0160,23.4880
256,24,1,16,128,10.0160,9.8560,10.1440
256,24,1,16,160,10.0160,8.3840,10.3680
256,24,1,16,192,8.3200,7.9360,10.1120
256,24,1,16,256,8.0000,7.3920,8.9280
256,24,1,16,512,6.6240,6.0480,8.1920
256,24,1,16,896,6.1440,5.8240,6.5920
256,24,1,32,0,8.0320,7.9680,8.4160
256,24,1,32,64,14.1760,13.8880,17.6640
256,24,1,32,128,10.0800,9.9840,11.6480
256,24,1,32,160,10.0480,8.4160,11.5200
256,24,1,32,192,8.4480,7.8400,9.3440
256,24,1,32,256,8.0640,7.6160,8.1920
256,24,1,32,512,8.0320,6.2080,9.0240
256,24,1,32,896,8.0640,7.2640,8.2880
256,24,1,40,0,8.0320,7.6800,10.0800
256,24,1,40,64,14.1760,13.9840,18.4320
256,24,1,40,128,10.0800,9.9200,10.9440
256,24,1,40,160,10.0480,8.4800,10.9440
256,24,1,40,192,8.4480,7.9680,8.7680
256,24,1,40,256,8.0320,7.4240,16.1600
256,24,1,40,512,8.0000,6.2720,8.1600
256,24,1,40,896,8.0320,7.8400,10.8480
256,24,1,64,0,8.2240,7.9040,10.0800
256,24,1,64,64,14.1760,13.8560,16.0000
256,24,1,64,128,10.1120,9.9200,14.4640
256,24,1,64,160,10.0480,8.6400,11.0720
256,24,1,64,192,10.0480,8.0320,14.4960
256,24,1,64,256,8.0640,7.8400,8.4800
256,24,1,64,512,8.6400,8.0640,10.4320
256,24,1,64,896,10.4960,9.9840,11.9360
256,24,1,80,0,8.1920,7.6480,8.6080
256,24,1,80,64,14.1440,13.6320,14.7520
256,24,1,80,128,10.0480,9.7920,10.5280
256,24,1,80,160,10.0800,8.6400,10.4000
256,24,1,80,192,10.0160,8.1280,10.3040
256,24,1,80,256,8.1280,7.8400,9.3120
256,24,1,80,512,10.0480,8.4160,10.8160
256,24,1,80,896,12.0960,10.6880,12.6080
256,24,1,120,0,8.0320,7.9680,8.4800
256,24,1,120,64,14.0480,13.8880,15.4880
256,24,1,120,128,9.9520,9.8880,11.9040
256,24,1,120,160,9.9520,9.8240,10.7840
256,24,1,120,192,8.5440,8.3520,10.3040
256,24,1,120,256,8.0000,7.8720,16.0960
256,24,1,120,512,10.0160,9.9200,20.1600
256,24,1,120,896,14.1760,14.0160,14.5600
256,24,1,128,0,11.9680,11.8080,12.8000
256,24,1,128,64,14.0800,13.9840,22.5280
256,24,1,128,128,9.9200,9.8880,10.3040
256,24,1,128,160,10.0160,9.8880,16.3840
256,24,1,128,192,8.4160,8.2880,12.1920
256,24,1,128,256,11.9680,10.7200,12.3840
256,24,1,128,512,11.8080,10.3360,13.0880
256,24,1,128,896,16.0640,14.7840,16.2240
256,24,1,256,0,14.5280,14.3360,17.7280
256,24,1,256,64,14.2400,14.1120,21.4720
256,24,1,256,128,16.0320,14.5280,23.3600
256,24,1,256,160,14.0160,13.9520,14.3680
256,24,1,256,192,12.4480,12.2880,18.1440
256,24,1,256,256,14.2720,14.0480,16.0320
256,24,1,256,512,16.0640,15.0400,16.2880
256,24,1,256,896,24.6720,24.4480,26.1120
256,24,1,512,0,22.2080,22.1440,23.3600
256,24,1,512,64,24.2880,24.1280,24.5440
256,24,1,512,128,20.2880,20.1280,21.4080
256,24,1,512,160,18.4640,18.3040,20.5120
256,24,1,512,192,20.3200,20.1280,20.4480
256,24,1,512,256,22.2080,21.4720,22.5280
256,24,1,512,512,24.4160,24.2240,31.1680
256,24,1,512,896,44.7360,44.6720,48.9600
256,24,1,1020,0,36.5440,36.4160,42.7200
256,24,1,1020,64,32.8960,32.6720,36.6080
256,24,1,1020,128,30.5280,30.3040,31.8400
256,24,1,1020,160,31.1040,30.9440,32.7680
256,24,1,1020,192,32.4800,31.1040,37.4400
256,24,1,1020,256,34.6560,34.3680,38.4000
256,24,1,1020,512,41.1520,40.8960,45.0560
256,24,1,1020,896,81.6640,80.1920,90.0800
256,24,1,1024,0,34.9760,32.7360,39.2000
256,24,1,1024,64,34.4960,34.4640,40.9280
256,24,1,1024,128,30.7520,30.5280,32.6080
256,24,1,1024,160,32.4800,32.3200,38.9760
256,24,1,1024,192,32.5440,32.4160,36.9600
256,24,1,1024,256,35.0720,34.7840,36.7040
256,24,1,1024,512,42.8480,42.6560,46.7520
256,24,1,1024,896,83.8080,83.5520,90.8800
256,24,3,1,0,5.9840,5.7920,10.3040
256,24,3,1,64,14.1760,13.9840,18.2720
256,24,3,1,128,10.0480,9.8880,10.3040
256,24,3,1,160,8.4800,8.1920,10.0800
256,24,3,1,192,8.0000,7.6480,8.2560
256,24,3,1,256,8.0000,7.9040,8.5760
256,24,3,1,512,5.9840,5.8880,6.5600
256,24,3,1,896,5.9520,5.7920,6.8480
256,24,3,4,0,6.1440,5.6960,6.4320
256,24,3,4,64,14.1760,13.3440,16.2560
256,24,3,4,128,10.0480,9.8560,11.3600
256,24,3,4,160,8.7360,8.3200,10.4320
256,24,3,4,192,8.3520,7.8720,9.1200
256,24,3,4,256,8.0320,7.9040,8.2240
256,24,3,4,512,6.5920,5.9840,8.2240
256,24,3,4,896,6.0160,5.8560,6.7840
256,24,3,6,0,5.9840,5.8240,7.2320
256,24,3,6,64,14.1760,14.0160,22.3360
256,24,3,6,128,10.0800,9.9200,10.6880
256,24,3,6,160,10.0480,8.4480,10.1760
256,24,3,6,192,8.0320,7.7760,8.7360
256,24,3,6,256,8.0000,7.8720,8.2240
256,24,3,6,512,6.5280,5.9840,7.7440
256,24,3,6,896,5.9840,5.7280,6.4960
256,24,3,7,0,8.0000,7.6800,10.4640
256,24,3,7,64,14.1760,14.0160,15.3600
256,24,3,7,128,10.0480,9.7920,10.7520
256,24,3,7,160,8.4480,8.3520,10.1440
256,24,3,7,192,8.3200,7.8400,8.5760
256,24,3,7,256,8.0000,7.7760,8.0320
256,24,3,7,512,6.6240,6.0160,8.0640
256,24,3,7,896,6.0160,5.6320,6.4640
256,24,3,8,0,8.0000,7.7760,9.1200
256,24,3,8,64,14.1760,13.8560,20.1600
256,24,3,8,128,10.0800,9.8880,17.0880
256,24,3,8,160,10.0480,8.3840,12.7040
256,24,3,8,192,8.2880,7.9040,12.8640
256,24,3,8,256,8.0320,7.8080,8.0960
256,24,3,8,512,6.5280,5.9200,15.3280
256,24,3,8,896,5.9840,5.7920,6.2080
256,24,3,10,0,8.0000,7.7120,10.0800
256,24,3,10,64,14.1760,14.0160,20.4800
256,24,3,10,128,10.0800,8.9920,12.2880
256,24,3,10,160,10.0480,8.3520,10.2400
256,24,3,10,192,8.3520,7.8720,9.6640
256,24,3,10,256,8.0320,7.7760,8.4160
256,24,3,10,512,6.6240,6.0160,13.0240
256,24,3,10,896,6.0160,5.8240,6.2400
256,24,3,16,0,8.0000,7.6800,8.2240
256,24,3,16,64,14.1440,14.0160,14.4320
256,24,3,16,128,10.0480,9.5680,10.3360
256,24,3,16,160,10.0800,8.4160,11.3920
256,24,3,16,192,8.4800,8.0000,10.1760
256,24,3,16,256,8.0320,7.8080,14.7840
256,24,3,16,512,7.3920,6.0800,8.8000
256,24,3,16,896,6.0480,5.7920,6.4640
256,24,3,32,0,8.0320,7.7440,8.8640
256,24,3,32,64,14.1760,13.9840,16.8000
256,24,3,32,128,10.0800,9.9840,10.4000
256,24,3,32,160,10.0800,8.4480,10.3680
256,24,3,32,192,8.4800,8.0000,10.7840
256,24,3,32,256,8.0320,7.8720,9.1520
256,24,3,32,512,8.0000,6.2080,8.1600
256,24,3,32,896,8.0320,7.9360,10.7840
256,24,3,40,0,8.1280,7.9360,8.3200
256,24,3,40,64,14.1440,13.9520,14.3680
256,24,3,40,128,10.0480,9.7280,15.3600
256,24,3,40,160,10.0160,8.4800,10.2080
256,24,3,40,192,8.4160,7.8400,9.8240
256,24,3,40,256,8.0320,7.8400,15.0400
256,24,3,40,512,8.0000,6.2720,9.7600
256,24,3,40,896,8.0320,7.9680,12.1280
256,24,3,64,0,8.3200,8.0000,11.9680
256,24,3,64,64,14.1760,13.9520,14.2720
256,24,3,64,128,10.0800,9.8240,10.3360
256,24,3,64,160,10.0480,8.6080,10.0800
256,24,3,64,192,9.7280,8.1600,10.2400
256,24,3,64,256,8.1600,7.8720,8.8960
256,24,3,64,512,8.7040,8.0960,10.3040
256,24,3,64,896,10.6880,10.0800,12.1280
256,24,3,80,0,8.4160,7.9680,10.2400
256,24,3,80,64,14.1760,14.0160,14.4960
256,24,3,80,128,10.0800,9.9200,10.2720
256,24,3,80,160,10.0160,8.9920,10.1120
256,24,3,80,192,8.5440,8.0320,19.2320
256,24,3,80,256,8.0640,7.7760,8.6400
256,24,3,80,512,10.0160,8.4800,10.2720
256,24,3,80,896,12.1280,11.9360,12.3200
256,24,3,120,0,8.2560,8.0640,9.6000
256,24,3,120,64,14.1760,13.7600,20.2240
256,24,3,120,128,9.9520,9.8880,10.3040
256,24,3,120,160,9.9520,9.7280,12.9600
256,24,3,120,192,8.5120,8.3200,10.0800
256,24,3,120,256,8.0320,7.9040,8.6400
256,24,3,120,512,9.9200,9.8560,10.1760
256,24,3,120,896,14.3360,14.1760,17.2480
256,24,3,128,0,11.9680,11.8080,12.3840
256,24,3,128,64,14.0800,13.8240,18.4000
256,24,3,128,128,9.9520,9.8240,10.2720
256,24,3,128,160,9.9520,9.8240,10.1760
256,24,3,128,192,8.5120,8.4160,12.8640
256,24,3,128,256,11.9680,11.8400,13.1520
256,24,3,128,512,11.9680,10.4960,12.1920
256,24,3,128,896,16.0320,15.9040,16.2240
256,24,3,256,0,16.0320,14.6240,17.2160
256,24,3,256,64,14.1760,14.0160,14.9760
256,24,3,256,128,16.0640,14.5600,16.5760
256,24,3,256,160,14.0480,14.0160,14.5600
256,24,3,256,192,12.5120,12.3200,14.2080
256,24,3,256,256,14.4640,14.2400,16.2240
256,24,3,256,512,16.1920,15.9360,19.6800
256,24,3,256,896,26.3360,24.8960,28.0640
256,24,3,512,0,22.3360,22.1440,23.3280
256,24,3,512,64,24.2560,23.0080,24.3840
256,24,3,512,128,20.1600,20.0320,20.3200
256,24,3,512,160,18.4640,18.2720,20.0320
256,24,3,512,192,20.2240,20.1600,27.9040
256,24,3,512,256,22.3040,22.1760,22.4320
256,24,3,512,512,24.6080,24.4160,28.7040
256,24,3,512,896,44.9280,44.7680,53.4720
256,24,3,1020,0,38.5920,38.2400,39.0720
256,24,3,1020,64,34.5280,33.2160,36.8000
256,24,3,1020,128,30.5600,30.4320,42.8160
256,24,3,1020,160,32.4480,32.3840,37.6960
256,24,3,1020,192,32.4480,32.2560,33.6960
256,24,3,1020,256,34.6880,34.4960,35.1360
256,24,3,1020,512,44.8640,44.3520,49.0560
256,24,3,1020,896,90.0800,89.7920,104.5120
256,24,3,1024,0,35.0400,34.7200,42.2080
256,24,3,1024,64,32.4480,31.8080,32.9600
256,24,3,1024,128,30.5280,30.0800,35.6480
256,24,3,1024,160,31.1680,30.9120,32.6080
256,24,3,1024,192,32.5760,32.2880,34.4640
256,24,3,1024,256,34.4960,34.3680,40.5440
256,24,3,1024,512,43.0400,42.8480,46.5280
256,24,3,1024,896,84.0640,83.7440,95.8080
256,16,1,1,0,5.9840,5.6320,6.5280
256,16,1,1,64,10.6880,10.0480,12.0960
256,16,1,1,128,8.0000,7.8080,8.2880
256,16,1,1,160,8.0320,7.5200,8.1280
256,16,1,1,192,6.7200,6.4320,8.0960
256,16,1,1,256,7.9680,6.3680,10.6560
256,16,1,1,512,6.0480,5.8560,6.4000
256,16,1,1,576,5.9520,5.6960,6.4320
256,16,1,4,0,6.0160,5.7280,6.4000
256,16,1,4,64,10.7520,10.1760,13.4720
256,16,1,4,128,8.0640,7.8080,10.1120
256,16,1,4,160,8.0320,7.6160,8.2240
256,16,1,4,192,7.9040,6.5280,8.7040
256,16,1,4,256,7.9040,6.5280,8.1280
256,16,1,4,512,6.2400,5.9840,6.6240
256,16,1,4,576,5.9840,5.6960,7.9680
256,16,1,6,0,5.9520,5.6640,9.6960
256,16,1,6,64,10.3040,10.1760,12.3200
256,16,1,6,128,8.0000,7.8400,9.9520
256,16,1,6,160,8.0320,7.2640,9.6640
256,16,1,6,192,7.7760,6.5600,8.4480
256,16,1,6,256,7.9360,6.5600,16.0000
256,16,1,6,512,6.3360,5.8880,7.8080
256,16,1,6,576,5.9520,5.7600,8.9920
256,16,1,7,0,8.0000,6.6560,8.1280
256,16,1,7,64,12.0960,10.2400,13.6000
256,16,1,7,128,8.0320,7.8720,8.4160
256,16,1,7,160,8.0000,7.8400,8.0640
256,16,1,7,192,7.9040,6.4960,8.9920
256,16,1,7,256,7.8400,6.5280,8.0320
256,16,1,7,512,6.2080,5.9520,8.0320
256,16,1,7,576,5.9520,5.8240,6.1120
256,16,1,8,0,7.8720,6.5920,8.1920
256,16,1,8,64,10.2720,10.0800,12.1280
256,16,1,8,128,8.0000,7.7440,10.1760
256,16,1,8,160,8.0000,7.7760,8.0960
256,16,1,8,192,7.8720,6.5600,8.0640
256,16,1,8,256,8.0000,6.5280,12.2240
256,16,1,8,512,6.0480,5.9520,8.2560
256,16,1,8,576,5.9840,5.7920,6.7200
256,16,1,10,0,7.9680,6.6240,8.0320
256,16,1,10,64,11.6800,10.2400,12.1280
256,16,1,10,128,8.2880,7.8400,10.4640
256,16,1,10,160,8.0000,7.8720,14.0800
256,16,1,10,192,7.8720,6.5280,8.0320
256,16,1,10,256,7.8720,6.5280,8.7360
256,16,1,10,512,6.4960,5.9840,12.8960
256,16,1,10,576,5.9840,5.7600,6.0800
256,16,1,16,0,8.0320,6.6880,8.0640
256,16,1,16,64,12.0320,10.1440,12.2240
256,16,1,16,128,8.2880,7.7440,9.1200
256,16,1,16,160,8.0000,7.8720,8.5120
256,16,1,16,192,8.0000,6.5600,8.3200
256,16,1,16,256,8.0320,6.5920,8.2560
256,16,1,16,512,6.5920,6.0160,8.7360
256,16,1,16,576,5.9840,5.6960,6.3680
256,16,1,32,0,8.0000,7.8400,8.1280
256,16,1,32,64,12.1280,10.3040,12.2240
256,16,1,32,128,8.3840,7.8720,10.8160
256,16,1,32,160,8.0320,7.8080,9.0240
256,16,1,32,192,7.9680,6.5600,8.3200
256,16,1,32,256,8.0000,6.5280,8.8000
256,16,1,32,512,8.0000,6.6240,8.0320
256,16,1,32,576,6.0480,5.9200,8.2240
256,16,1,40,0,8.0320,7.7440,8.3840
256,16,1,40,64,12.0960,10.2720,12.1600
256,16,1,40,128,8.4160,8.0000,10.3040
256,16,1,40,160,8.0320,7.8400,8.5440
256,16,1,40,192,8.0320,7.8400,8.7360
256,16,1,40,256,8.0320,7.3600,8.4160
256,16,1,40,512,8.0320,6.3040,8.0640
256,16,1,40,576,6.2720,5.7920,11.1040
256,16,1,64,0,8.0320,7.9040,8.1280
256,16,1,64,64,12.1280,10.3360,18.4320
256,16,1,64,128,8.5440,8.0000,10.0800
256,16,1,64,160,8.0320,7.8720,9.8560
256,16,1,64,192,8.0320,7.8400,9.5680
256,16,1,64,256,8.0320,7.8720,8.4800
256,16,1,64,512,8.5440,7.9680,10.0800
256,16,1,64,576,8.0320,7.8720,9.2800
256,16,1,80,0,7.9680,7.8080,8.2560
256,16,1,80,64,12.0960,10.3040,12.1280
256,16,1,80,128,8.4800,8.0000,10.1440
256,16,1,80,160,8.0320,7.9680,9.5360
256,16,1,80,192,7.9680,7.7440,8.1600
256,16,1,80,256,8.0640,7.8720,10.2080
256,16,1,80,512,10.0480,8.3520,10.1440
256,16,1,80,576,8.0640,8.0000,8.7360
256,16,1,120,0,8.0320,7.9040,8.5440
256,16,1,120,64,12.1280,10.4320,12.3520
256,16,1,120,128,9.9840,8.0640,10.1760
256,16,1,120,160,8.1280,8.0000,10.7840
256,16,1,120,192,8.0320,7.8400,8.8320
256,16,1,120,256,8.0320,7.8720,8.1600
256,16,1,120,512,10.0160,8.5760,10.0800
256,16,1,120,576,10.0800,9.8880,10.4000
256,16,1,128,0,10.3360,9.9520,10.7200
256,16,1,128,64,12.1280,10.5920,12.9920
256,16,1,128,128,10.0800,8.1920,11.3600
256,16,1,128,160,8.1600,7.8400,9.9840
256,16,1,128,192,8.0000,7.5520,8.0320
256,16,1,128,256,10.0800,9.8880,11.4560
256,16,1,128,512,12.0640,10.2080,12.2880
256,16,1,128,576,12.1280,10.3680,12.3200
256,16,1,256,0,12.3200,12.1920,17.8560
256,16,1,256,64,11.9680,11.1360,12.1600
256,16,1,256,128,11.9680,11.9040,12.7680
256,16,1,256,160,11.9680,10.7200,12.6400
256,16,1,256,192,9.9200,9.8240,10.3040
256,16,1,256,256,12.1600,11.9360,14.3680
256,16,1,256,512,14.7200,14.5280,16.2560
256,16,1,256,576,16.0960,15.9360,19.5840
256,16,1,512,0,18.2400,18.0480,18.5280
256,16,1,512,64,16.4800,16.1920,20.0960
256,16,1,512,128,16.1920,15.9680,21.0240
256,16,1,512,160,14.4320,14.2720,16.0960
256,16,1,512,192,16.0960,14.8800,16.7680
256,16,1,512,256,18.2080,18.0800,18.5920
256,16,1,512,512,24.3840,24.0960,33.1200
256,16,1,512,576,24.7040,24.5120,28.3840
256,16,1,1020,0,30.4640,30.3680,33.1520
256,16,1,1020,64,24.4160,24.2240,26.3680
256,16,1,1020,128,24.2560,24.1280,27.0720
256,16,1,1020,160,24.4480,24.2560,30.6560
256,16,1,1020,192,24.2560,24.0320,24.5120
256,16,1,1020,256,28.7040,28.5440,28.8640
256,16,1,1020,512,40.9920,40.7360,47.5840
256,16,1,1020,576,45.6000,45.1200,48.8320
256,16,1,1024,0,26.3040,25.5680,26.5600
256,16,1,1024,64,24.5120,24.2880,25.1200
256,16,1,1024,128,24.2560,24.1920,30.5280
256,16,1,1024,160,24.5120,24.3840,25.0560
256,16,1,1024,192,24.4160,23.9040,32.7360
256,16,1,1024,256,30.4000,28.8640,32.9280
256,16,1,1024,512,42.4960,41.0880,42.8160
256,16,1,1024,576,46.7840,45.2480,48.2240
256,16,3,1,0,5.9200,5.7280,7.9040
256,16,3,1,64,10.1440,9.9840,14.5600
256,16,3,1,128,8.0320,7.8080,8.3840
256,16,3,1,160,8.0000,7.8720,15.9360
256,16,3,1,192,7.9040,6.4960,8.0320
256,16,3,1,256,6.5280,6.4000,10.9120
256,16,3,1,512,5.9520,5.8560,6.4640
256,16,3,1,576,5.9840,5.7920,6.1440
256,16,3,4,0,5.9840,5.8240,6.2080
256,16,3,4,64,10.6560,10.0800,13.3120
256,16,3,4,128,8.1920,7.7760,9.2800
256,16,3,4,160,7.9680,7.6800,8.1280
256,16,3,4,192,7.6480,6.4320,8.5760
256,16,3,4,256,7.8720,6.4960,8.2880
256,16,3,4,512,6.2080,5.9520,6.8480
256,16,3,4,576,5.9520,5.7600,7.0080
256,16,3,6,0,5.9840,5.6960,7.6480
256,16,3,6,64,10.4000,10.1440,12.2240
256,16,3,6,128,8.0000,7.7440,10.0800
256,16,3,6,160,8.0320,7.8080,9.6640
256,16,3,6,192,7.9680,6.4640,8.3200
256,16,3,6,256,8.0000,6.5920,9.0240
256,16,3,6,512,6.1120,5.9840,8.1600
256,16,3,6,576,5.9840,5.5680,6.4640
256,16,3,7,0,8.0000,7.8720,8.1920
256,16,3,7,64,10.3680,10.1760,12.1280
256,16,3,7,128,8.0000,7.8400,8.5760
256,16,3,7,160,7.9680,7.7120,8.0960
256,16,3,7,192,7.8400,6.4320,8.3200
256,16,3,7,256,7.6800,6.4640,8.0320
256,16,3,7,512,6.0160,5.9840,9.3760
256,16,3,7,576,5.9520,5.7600,6.2720
256,16,3,8,0,8.0000,7.6160,8.2880
256,16,3,8,64,10.3360,10.2080,12.1280
256,16,3,8,128,8.0320,7.7760,9.5360
256,16,3,8,160,8.0000,7.6800,8.3520
256,16,3,8,192,8.0000,6.4960,8.2880
256,16,3,8,256,8.0000,6.4960,8.5440
256,16,3,8,512,6.4320,6.0160,7.9680
256,16,3,8,576,5.9840,5.6320,6.4320
256,16,3,10,0,8.0320,7.8080,9.6960
256,16,3,10,64,12.0960,10.2400,12.7040
256,16,3,10,128,8.0640,7.8400,9.9200
256,16,3,10,160,8.0320,7.8080,8.0960
256,16,3,10,192,7.8720,6.5280,8.0000
256,16,3,10,256,8.0000,6.5280,9.0560
256,16,3,10,512,6.0480,5.9520,6.6880
256,16,3,10,576,5.9840,5.8240,14.1440
256,16,3,16,0,8.0320,7.6480,8.0320
256,16,3,16,64,12.1280,10.2400,12.3200
256,16,3,16,128,8.4160,7.9040,8.8640
256,16,3,16,160,8.0320,7.7120,12.8960
256,16,3,16,192,8.0000,6.5280,8.1280
256,16,3,16,256,8.0000,6.5280,8.2880
256,16,3,16,512,6.6240,6.0800,8.0000
256,16,3,16,576,6.0160,5.8240,7.0080
256,16,3,32,0,8.0000,7.4560,10.8800
256,16,3,32,64,12.1280,10.3040,12.4480
256,16,3,32,128,8.4800,8.0320,9.6640
256,16,3,32,160,8.0640,7.9680,8.5760
256,16,3,32,192,8.0320,6.6240,8.3520
256,16,3,32,256,8.0320,7.8720,8.6080
256,16,3,32,512,8.0000,6.1120,8.4480
256,16,3,32,576,6.1440,5.8560,6.4960
256,16,3,40,0,8.0000,7.7760,8.7360
256,16,3,40,64,12.0960,10.1760,12.4160
256,16,3,40,128,8.4160,7.8400,10.1120
256,16,3,40,160,8.0320,7.8400,9.9840
256,16,3,40,192,8.0320,7.8720,9.7920
256,16,3,40,256,8.0000,7.8400,8.1600
256,16,3,40,512,8.0000,6.2080,8.1600
256,16,3,40,576,6.2080,5.9520,6.4960
256,16,3,64,0,8.0320,7.8080,9.7920
256,16,3,64,64,12.0960,10.2400,12.1280
256,16,3,64,128,8.5440,7.9680,14.6560
256,16,3,64,160,8.0640,7.9040,8.4160
256,16,3,64,192,8.0640,7.9040,8.9280
256,16,3,64,256,8.0640,8.0320,9.6640
256,16,3,64,512,8.6720,8.1280,10.2080
256,16,3,64,576,8.0320,7.9680,14.1760
256,16,3,80,0,8.0000,7.9360,8.2880
256,16,3,80,64,10.9760,10.3040,12.1280
256,16,3,80,128,8.5440,8.0000,10.1120
256,16,3,80,160,8.0320,7.9680,10.1760
256,16,3,80,192,8.0320,7.7760,9.1200
256,16,3,80,256,8.0320,7.9040,8.4160
256,16,3,80,512,10.0480,8.3840,17.5040
256,16,3,80,576,8.0320,7.8400,8.3520
256,16,3,120,0,8.0640,7.7440,15.2640
256,16,3,120,64,12.0960,10.4640,12.1920
256,16,3,120,128,10.0480,8.0960,10.3680
256,16,3,120,160,8.1600,7.9680,8.4480
256,16,3,120,192,8.0320,7.5840,8.6720
256,16,3,120,256,8.0000,7.8720,8.5760
256,16,3,120,512,10.0480,8.6720,10.3360
256,16,3,120,576,10.0800,9.8880,14.5280
256,16,3,128,0,10.4640,9.9840,11.9360
256,16,3,128,64,12.0960,10.5600,12.3200
256,16,3,128,128,10.0800,8.1920,10.4000
256,16,3,128,160,8.1600,8.0000,14.9760
256,16,3,128,192,8.0320,7.7440,8.3200
256,16,3,128,256,10.1440,9.8880,15.1040
256,16,3,128,512,12.0960,10.3680,12.4160
256,16,3,128,576,12.0960,10.5600,13.5360
256,16,3,256,0,12.4800,12.2560,19.6160
256,16,3,256,64,12.0000,10.8160,12.1920
256,16,3,256,128,12.0000,11.8400,13.7280
256,16,3,256,160,12.0000,10.6560,18.3360
256,16,3,256,192,9.9520,9.8240,14.7200
256,16,3,256,256,12.0960,11.9360,13.2160
256,16,3,256,512,14.6880,14.4960,17.4400
256,16,3,256,576,16.0640,15.8080,16.1920
256,16,3,512,0,18.1760,18.0480,18.7200
256,16,3,512,64,16.1600,15.8720,18.6240
256,16,3,512,128,16.1280,16.0320,16.2560
256,16,3,512,160,14.4960,14.3040,14.8800
256,16,3,512,192,16.1600,15.9360,18.1120
256,16,3,512,256,18.1440,17.8240,21.3760
256,16,3,512,512,24.2880,24.2240,31.5200
256,16,3,512,576,26.4000,26.2080,35.9040
256,16,3,1020,0,32.4480,30.8800,36.7360
256,16,3,1020,64,24.3520,24.2560,24.6080
256,16,3,1020,128,24.4160,24.2240,31.1040
256,16,3,1020,160,24.7360,24.6080,26.5280
256,16,3,1020,192,24.4160,24.2240,31.8080
256,16,3,1020,256,30.4320,30.3680,30.5920
256,16,3,1020,512,42.8160,42.5600,44.7680
256,16,3,1020,576,47.0720,46.7840,51.1040
256,16,3,1024,0,26.4640,26.3040,26.6240
256,16,3,1024,64,24.7360,24.2240,26.7200
256,16,3,1024,128,24.2880,24.0960,24.4480
256,16,3,1024,160,24.8960,24.3520,26.4320
256,16,3,1024,192,24.6400,24.2560,26.2400
256,16,3,1024,256,30.5280,29.1520,34.1120
256,16,3,1024,512,42.8160,42.5600,46.7840
256,16,3,1024,576,48.9600,46.9440,49.3440
128,32,1,1,0,5.9840,5.7920,6.2400
128,32,1,1,64,18.1440,16.7360,21.6320
128,32,1,1,128,12.0960,11.9040,12.4160
128,32,1,1,160,10.0800,9.8240,16.3840
128,32,1,1,192,10.0480,9.8240,10.1760
128,32,1,1,256,8.5120,8.0000,12.9600
128,32,1,1,512,8.0320,7.8400,8.7360
128,32,1,1,-2,5.9520,5.7280,7.0720
128,32,1,1,-4,5.9520,5.7600,6.2080
128,32,1,1,-5,5.9840,5.6320,9.1200
128,32,1,1,-8,5.9840,5.6000,6.7840
128,32,1,4,0,5.9840,5.8240,12.6400
128,32,1,4,64,18.2400,16.8640,18.2720
128,32,1,4,128,12.0960,11.8400,12.6400
128,32,1,4,160,10.2720,9.9200,10.5280
128,32,1,4,192,10.0800,9.9200,16.6080
128,32,1,4,256,8.1600,8.0320,12.2560
128,32,1,4,512,8.0320,7.8720,8.0640
128,32,1,4,-2,6.5280,6.0160,8.0000
128,32,1,4,-4,5.9840,5.8240,6.7520
128,32,1,4,-5,6.1760,5.8240,6.7520
128,32,1,4,-8,5.9840,5.8240,6.2080
128,32,1,6,0,5.9520,5.7920,6.7200
128,32,1,6,64,18.2720,16.8640,18.4960
128,32,1,6,128,12.1280,11.9680,17.1520
128,32,1,6,160,10.3040,9.9520,12.0960
128,32,1,6,192,10.0800,9.7600,10.5600
128,32,1,6,256,8.3520,8.0320,10.1760
128,32,1,6,512,8.0000,7.8720,10.1760
128,32,1,6,-2,7.8720,6.4640,8.9600
128,32,1,6,-4,6.4960,5.9520,8.1280
128,32,1,6,-5,5.9840,5.7920,8.9280
128,32,1,6,-8,6.3040,5.8240,6.9760
128,32,1,7,0,6.3040,5.9200,11.0720
128,32,1,7,64,18.2400,18.0800,19.6160
128,32,1,7,128,12.0960,11.9680,12.2880
128,32,1,7,160,10.0800,9.8880,10.4960
128,32,1,7,192,10.0800,9.8560,10.3360
128,32,1,7,256,8.7040,8.0960,10.1760
128,32,1,7,512,8.0640,7.8720,8.7680
128,32,1,7,-2,7.9040,6.4320,13.9520
128,32,1,7,-4,6.1120,5.9520,6.5600
128,32,1,7,-5,6.0800,5.8560,8.2880
128,32,1,7,-8,5.9520,5.7920,7.4240
128,32,1,8,0,6.1760,5.9840,8.1280
128,32,1,8,64,18.2720,18.0800,18.7840
128,32,1,8,128,12.0960,11.9680,12.1280
128,32,1,8,160,10.1760,9.9200,11.0400
128,32,1,8,192,10.0480,9.8880,10.1760
128,32,1,8,256,8.3200,8.0000,12.5440
128,32,1,8,512,8.0000,7.8080,8.2880
128,32,1,8,-2,8.0000,7.6480,8.0960
128,32,1,8,-4,6.2080,6.0480,8.0000
128,32,1,8,-5,6.4960,5.9520,7.8720
128,32,1,8,-8,6.1440,5.8240,8.2240
128,32,1,10,0,6.6880,6.2400,8.0640
128,32,1,10,64,18.3040,18.0160,18.5920
128,32,1,10,128,12.0960,11.6480,13.2800
128,32,1,10,160,10.2720,9.8880,10.5920
128,32,1,10,192,10.0480,9.6640,10.0800
128,32,1,10,256,8.5440,8.0000,10.2720
128,32,1,10,512,8.0320,7.8400,8.2880
128,32,1,10,-2,8.0320,7.8720,8.5120
128,32,1,10,-4,6.4320,6.1120,8.0320
128,32,1,10,-5,7.9680,6.1440,8.0320
128,32,1,10,-8,6.4320,5.9200,9.6640
128,32,1,16,0,8.0640,7.8720,9.4720
128,32,1,16,64,18.3040,18.1440,25.4720
128,32,1,16,128,12.1280,11.9680,12.3200
128,32,1,16,160,10.4000,9.8880,18.5920
128,32,1,16,192,10.0800,9.7280,12.0960
128,32,1,16,256,9.9200,8.0320,17.7280
128,32,1,16,512,8.0320,7.7440,8.2560
128,32,1,16,-2,8.2560,7.8720,8.4800
128,32,1,16,-4,8.0320,7.8720,8.3200
128,32,1,16,-5,8.0000,6.5920,8.3840
128,32,1,16,-8,8.0640,6.4320,18.0800
128,32,1,32,0,10.0480,8.2560,15.7760
128,32,1,32,64,18.2720,18.1760,20.8960
128,32,1,32,128,12.1280,11.9680,13.5680
128,32,1,32,160,10.6880,10.0800,12.6080
128,32,1,32,192,10.0800,9.8880,11.2000
128,32,1,32,256,10.0480,8.2240,12.0960
128,32,1,32,512,8.0320,7.8400,9.3120
128,32,1,32,-2,12.0960,10.3360,12.7360
128,32,1,32,-4,10.0480,8.6400,10.6880
128,32,1,32,-5,10.0480,8.6400,10.6560
128,32,1,32,-8,10.0480,8.1920,10.2080
128,32,1,40,0,10.0480,8.4800,10.2080
128,32,1,40,64,18.2400,18.1120,22.6240
128,32,1,40,128,12.1280,12.0320,19.6160
128,32,1,40,160,10.6560,10.0480,13.2800
128,32,1,40,192,10.1440,9.9200,10.6560
128,32,1,40,256,10.0480,8.3520,10.2080
128,32,1,40,512,8.0320,7.8720,8.1920
128,32,1,40,-2,12.1600,12.0960,14.0480
128,32,1,40,-4,10.3040,9.9200,10.6880
128,32,1,40,-5,10.0800,10.0480,16.9920
128,32,1,40,-8,10.0480,8.5440,15.9680
128,32,1,64,0,12.0640,10.3040,12.6080
128,32,1,64,64,18.2400,17.7280,18.4320
128,32,1,64,128,12.1280,12.0000,12.3520
128,32,1,64,160,12.1280,10.4320,12.2880
128,32,1,64,192,10.4960,10.0480,12.0640
128,32,1,64,256,10.0800,9.8880,10.3680
128,32,1,64,512,12.0960,10.5920,12.7040
128,32,1,64,-2,16.2240,15.6800,19.2320
128,32,1,64,-4,12.3200,11.9680,13.6320
128,32,1,64,-5,12.1280,11.9360,18.4640
128,32,1,64,-8,12.0640,10.3040,12.0960
128,32,1,80,0,12.6400,12.1600,21.6320
128,32,1,80,64,18.2720,17.9520,18.8800
128,32,1,80,128,12.2560,11.9040,12.5760
128,32,1,80,160,12.0960,10.6240,12.7040
128,32,1,80,192,10.8480,10.2080,12.1280
128,32,1,80,256,10.0800,9.9200,14.2080
128,32,1,80,512,12.1280,11.9040,12.4800
128,32,1,80,-2,18.2720,18.0480,20.1600
128,32,1,80,-4,14.1760,14.0160,15.1040
128,32,1,80,-5,14.1440,13.8560,14.3360
128,32,1,80,-8,12.5120,12.0640,14.1760
128,32,1,120,0,16.1920,16.0320,16.6400
128,32,1,120,64,18.6560,18.2400,21.3120
128,32,1,120,128,14.0480,12.3200,14.2080
128,32,1,120,160,12.1600,12.0640,13.2800
128,32,1,120,192,12.0960,11.9360,12.5760
128,32,1,120,256,12.0960,10.5920,13.2800
128,32,1,120,512,12.5120,11.9680,14.0800
128,32,1,120,-2,24.3840,23.8080,25.2160
128,32,1,120,-4,16.7680,16.2240,18.3040
128,32,1,120,-5,18.2400,16.2240,19.7760
128,32,1,120,-8,16.2240,14.4640,16.6400
128,32,1,128,0,16.4160,16.1600,20.2880
128,32,1,128,64,18.5920,18.4960,20.4160
128,32,1,128,128,14.1120,12.4480,14.1760
128,32,1,128,160,12.2880,12.0000,16.9280
128,32,1,128,192,12.2560,12.0960,13.1200
128,32,1,128,256,14.6560,14.0480,20.2560
128,32,1,128,512,16.0960,14.3680,16.4480
128,32,1,128,-2,26.4640,24.6080,28.5120
128,32,1,128,-4,18.2720,17.8240,19.4560
128,32,1,128,-5,18.2400,17.7920,26.1120
128,32,1,128,-8,16.1920,16.0320,18.2400
128,32,1,256,0,26.3360,26.2080,26.6240
128,32,1,256,64,20.1920,20.1280,20.6400
128,32,1,256,128,22.2080,20.7040,22.6880
128,32,1,256,160,18.7520,18.4960,20.3520
128,32,1,256,192,18.1440,18.0160,24.6400
128,32,1,256,256,18.5280,18.3680,20.0960
128,32,1,256,512,20.1920,20.0960,26.0160
128,32,1,256,-2,44.7360,44.4800,46.6240
128,32,1,256,-4,28.3840,26.8800,36.5440
128,32,1,256,-5,28.3520,28.1920,28.6400
128,32,1,256,-8,24.2880,24.1600,24.9280
128,32,1,512,0,30.7520,28.5440,32.5760
128,32,1,512,64,34.7840,34.4640,41.4080
128,32,1,512,128,30.4000,30.3040,36.6400
128,32,1,512,160,28.5440,28.3520,34.0480
128,32,1,512,192,30.4000,29.1520,39.1680
128,32,1,512,256,30.4000,28.7680,35.6800
128,32,1,512,512,34.5600,34.4320,35.1680
128,32,1,512,-2,83.6800,82.2400,83.8720
128,32,1,512,-4,49.0880,48.8320,55.0400
128,32,1,512,-5,51.0400,49.2480,51.4240
128,32,1,512,-8,43.2640,42.6560,51.9680
128,32,1,1020,0,63.7760,58.8160,67.0720
128,32,1,1020,64,52.9600,52.8960,54.1120
128,32,1,1020,128,48.9920,48.8000,52.3200
128,32,1,1020,160,48.9600,48.8320,49.3440
128,32,1,1020,192,50.8800,49.2160,56.4800
128,32,1,1020,256,48.9920,48.6720,49.2800
128,32,1,1020,512,57.2160,55.4880,63.5840
128,32,1,1020,-2,159.5840,159.3280,162.8480
128,32,1,1020,-4,87.7760,85.6960,92.4480
128,32,1,1020,-5,85.9840,85.6960,98.7200
128,32,1,1020,-8,73.6000,73.3760,79.2320
128,32,1,1024,0,65.4400,59.0400,68.0960
128,32,1,1024,64,55.0080,54.9440,57.8560
128,32,1,1024,128,50.8800,50.7200,51.3920
128,32,1,1024,160,50.9120,49.3440,51.8400
128,32,1,1024,192,51.0080,50.7840,56.3200
128,32,1,1024,256,51.0400,50.8480,61.8560
128,32,1,1024,512,61.1200,59.0720,64.3200
128,32,1,1024,-2,159.4880,159.2640,167.3920
128,32,1,1024,-4,92.0960,91.8400,102.5280
128,32,1,1024,-5,97.9840,95.9360,108.3520
128,32,1,1024,-8,83.6480,81.6000,93.8560
