Time (%),Total Time (ns),Instances,Avg (ns),Med (ns),Min (ns),Max (ns),StdDev (ns),Name
46.3,15796320288,784,20148367.7,20291936.0,919616,37900704,10780513.4,"void ninfer::ops::detail::mxfp8_kv_tiled_mma_kernel<ninfer::ops::detail::CausalGeometry<(int)256, (int)24, (int)4>, ninfer::ops::detail::Fp8KvTiledMmaSchedule<(int)128, (int)64, (int)255>, ninfer::ops::detail::Fp8KvTiledValues, ninfer::ops::PagedKVBatchMetadata<(bool)0>>(const __nv_bfloat16 *, const unsigned char *, const unsigned char *, const __half *, const T3::Scale *, T4, const int *, float, int, ninfer::ops::detail::CausalKvPartition, ninfer::ops::detail::CausalPartialView)"
12.4,4241218208,6144,690302.4,684656.0,352896,1304032,330262.2,cutlass3x_sm100_bstensorop_s256x192x64gemm_block_scaled_ue4m3xf4_ue4m3xf4_f32_f32_f32_256x192x256_0_tnn_align32_o_vs16_2sm_bias_bf16_relu
7.5,2550325024,3136,813241.4,808672.0,660192,902752,24352.0,"void ninfer::ops::detail::nvfp4_thor_finish<ninfer::ops::detail::LinearBf16Output, ninfer::ops::detail::SwiGluTokenMajorMmaEpilogue>(const float *, int, int, float, T1, T2)"
5.6,1896730816,6144,308712.7,309232.0,134304,629472,149364.5,nvjet_sm110_oosss_128x256_256x5_2x1_2cta_v_bz_Avec16UE4M3_Bvec16UE4M3_TNT
4.4,1484675616,2352,631239.6,628224.0,522336,697696,16958.6,"void ninfer::ops::detail::nvfp4_thor_finish<ninfer::ops::detail::LinearBf16SegmentedOutput<(int)10240, (int)6144>, ninfer::ops::detail::LinearIdentityEpilogue>(const float *, int, int, float, T1, T2)"
3.8,1308861504,6272,208683.3,209472.0,164416,251904,7267.0,"void ninfer::ops::detail::nvfp4_thor_finish<ninfer::ops::detail::LinearBf16Output, ninfer::ops::detail::LinearResidualAddEpilogue>(const float *, int, int, float, T1, T2)"
3.5,1209431328,2352,514214.0,514528.0,428128,542048,12654.4,"void ninfer::ops::detail::gated_delta_net::chunked::<unnamed>::chunk_recurrence_kernel<(int)64>(ninfer::ops::detail::gated_delta_net::chunked::Arguments, const ninfer::ops::detail::gated_delta_net::chunked::QkChunk *, const ninfer::ops::detail::gated_delta_net::chunked::ControlChunk *)"
2.9,1003659872,2352,426726.1,425696.0,350912,478336,11730.7,"void ninfer::ops::causal_conv1d_prefill_pairs_kernel<ninfer::ops::detail::CausalConvSplitOutput3<__nv_bfloat162, (int)1024, (int)1024, (int)3072>>(const __nv_bfloat16 *, const __nv_bfloat16 *, const __nv_bfloat16 *, T1, int, int)"
1.5,500564096,3072,162944.0,161632.0,145824,209312,3675.9,"void ninfer::ops::detail::nvfp4_a4_quantize_kernel<ninfer::ops::detail::Nvfp4ActivationGeometry<(int)17408>, (int)256, (ninfer::ops::detail::Nvfp4ScaleLayout)2>(const __nv_bfloat16 *, unsigned char *, unsigned char *, int, int, float)"
1.4,493812768,48,10287766.0,10274224.0,10235008,10346272,34242.2,"void ninfer::ops::detail::q8_a16_mma_kernel<ninfer::ops::detail::Q8A16MmaSchedule<(int)64, (int)128, (int)64, (int)64, (int)16, (int)2, (int)2, (ninfer::ops::detail::Q8MmaFragmentPipeline)1, (ninfer::ops::Cache)1, (ninfer::ops::Cache)1, (ninfer::ops::Cache)1, (bool)0>, (bool)1, (bool)1, ninfer::ops::detail::LinearBf16Output, ninfer::ops::detail::LinearIdentityEpilogue, ninfer::ops::detail::Q8MmaIdentityRows<ninfer::ops::detail::Q8A16MmaSchedule<(int)64, (int)128, (int)64, (int)64, (int)16, (int)2, (int)2, (ninfer::ops::detail::Q8MmaFragmentPipeline)1, (ninfer::ops::Cache)1, (ninfer::ops::Cache)1, (ninfer::ops::Cache)1, (bool)0>>>(ninfer::ops::detail::Q8LinearOperands, T4, T5, T6, int, int)"
1.4,477509728,2352,203022.8,201600.0,165920,232576,6855.8,"void ninfer::ops::detail::gated_delta_net::chunked::<unnamed>::prepare_kernel<(bool)1>(ninfer::ops::detail::gated_delta_net::chunked::Arguments, ninfer::ops::detail::gated_delta_net::chunked::QkChunk *, ninfer::ops::detail::gated_delta_net::chunked::ControlChunk *)"
1.3,456888480,784,582765.9,580160.0,484800,624416,15086.3,"void ninfer::ops::detail::nvfp4_thor_finish<ninfer::ops::detail::LinearBf16SegmentedOutput<(int)6144, (int)1024, (int)6144, (int)1024>, ninfer::ops::detail::LinearIdentityEpilogue>(const float *, int, int, float, T1, T2)"
1.2,421190144,784,537232.3,541680.0,220288,632672,51822.2,"void ninfer::ops::detail::causal_tiled_merge_kernel<ninfer::ops::detail::CausalGeometry<(int)256, (int)24, (int)4>, (bool)0>(ninfer::ops::detail::CausalPartialView, const int *, const int *, int, ninfer::ops::detail::CausalKvPartition, __nv_bfloat16 *)"
1.1,368492640,2352,156672.0,156192.0,126368,188608,5271.8,"void ninfer::ops::rmsnorm_warp_bf16x2_kernel<(ninfer::ops::RmsEpilogue)2, (int)512, (bool)0, (int)0>(const __nv_bfloat162 *, const __nv_bfloat162 *, const __nv_bfloat162 *, __nv_bfloat162 *, int, long, float)"
1.0,350063843,12544,27906.9,20896.0,11936,66496,16155.9,"ninfer::ops::detail::<unnamed>::swizzle_scales(ninfer::ops::detail::Nvfp4A4Operands, int)"
1.0,347294240,49,7087637.6,7105152.0,6164512,7180864,135153.0,"void ninfer::ops::detail::<unnamed>::context_kv_mma_kernel<(int)64, (int)64, (int)64, (int)2>(const __nv_bfloat16 *, const int *, const int *, const int *, ninfer::ops::detail::<unnamed>::DeviceLayers, float *, int, int, int, int)"
0.7,237129024,256,926285.3,762960.0,185280,2091552,633059.6,nvjet_sm110_oosss_256x128_256x4_2x1_2cta_v_bz_Avec16UE4M3_Bvec16UE4M3_TNT
0.7,224370272,6321,35496.0,34944.0,29152,59200,3125.8,"void ninfer::ops::rmsnorm_cta_bf16x2_kernel<(ninfer::ops::RmsEpilogue)0, (int)256, (int)10, (bool)1, (int)5120>(const __nv_bfloat162 *, const __nv_bfloat162 *, const __nv_bfloat162 *, __nv_bfloat162 *, int, long, float)"
0.6,202565536,6256,32379.4,32640.0,26368,52672,1737.1,"void ninfer::ops::detail::nvfp4_a4_quantize_kernel<ninfer::ops::detail::Nvfp4ActivationGeometry<(int)5120>, (int)256, (ninfer::ops::detail::Nvfp4ScaleLayout)2>(const __nv_bfloat16 *, unsigned char *, unsigned char *, int, int, float)"
0.5,181718656,9360,19414.4,18048.0,17632,42784,2495.2,"void ninfer::ops::detail::bf16_gdn_gating_proj_gemm_mma_kernel<ninfer::ops::detail::Bf16Gdn27Geometry, (int)8, (bool)1, (int)8, (bool)0, (int)0>(const __nv_bfloat16 *, const __nv_bfloat16 *, __nv_bfloat16 *, float, const __nv_bfloat16 *, const __nv_bfloat16 *, const float *, const float *, float *, float *, float *, int)"
0.3,115654080,3072,37647.8,37376.0,37088,53920,1196.0,"void ninfer::ops::detail::nvfp4_a4_quantize_kernel<ninfer::ops::detail::Nvfp4ActivationGeometry<(int)6144>, (int)256, (ninfer::ops::detail::Nvfp4ScaleLayout)2>(const __nv_bfloat16 *, unsigned char *, unsigned char *, int, int, float)"
0.2,75681696,784,96532.8,96192.0,73248,132672,5008.2,"ninfer::ops::sigmoid_gate_mul_bf16x8_kernel(const ninfer::ops::Bf16PairPack<(int)4> *, ninfer::ops::Bf16PairPack<(int)4> *, long)"
0.2,63562592,1568,40537.4,34912.0,12448,84448,25044.7,"void ninfer::ops::rmsnorm_warp_bf16x2_kernel<(ninfer::ops::RmsEpilogue)0, (int)128, (bool)1, (int)256>(const __nv_bfloat162 *, const __nv_bfloat162 *, const __nv_bfloat162 *, __nv_bfloat162 *, int, long, float)"
0.0,15822592,784,20181.9,20032.0,16384,30208,1168.5,"void ninfer::ops::rope_fixed_kernel<(ninfer::ops::RopeKernelMode)0, (int)24, (int)4>(const int *, __nv_bfloat16 *, __nv_bfloat16 *, int, long, long)"
0.0,15643744,784,19953.8,19520.0,15968,35648,1711.7,"void ninfer::ops::kv_cache_append_full_fp8_kernel<ninfer::ops::KVCacheAppendFullGeometry<(int)4>, ninfer::ops::PagedKVBatchMetadata<(bool)0>>(const __nv_bfloat16 *, const __nv_bfloat16 *, const int *, T2, unsigned char *, unsigned char *, __half *, __half *, int)"
0.0,15442816,11,1403892.4,1412256.0,1277344,1450752,43620.7,"void ninfer::ops::detail::gated_delta_net::recurrent_fold_kernel<ninfer::ops::detail::gated_delta_net::FoldGeometry<(int)48, (int)16, (int)48, (int)10240>>(ninfer::ops::detail::gated_delta_net::FoldAccess<T1>)"
0.0,14261088,50,285221.8,291712.0,5664,295040,40958.3,"ninfer::ops::detail::<unnamed>::context_kv_key_post_kernel(const float *, const int *, const int *, const int *, ninfer::ops::detail::<unnamed>::DeviceLayers, int, int, int, int)"
0.0,9227360,1,9227360.0,9227360.0,9227360,9227360,0.0,"void ninfer::ops::detail::q8_a16_mma_kernel<ninfer::ops::detail::Q8A16MmaSchedule<(int)64, (int)128, (int)64, (int)64, (int)16, (int)2, (int)2, (ninfer::ops::detail::Q8MmaFragmentPipeline)1, (ninfer::ops::Cache)1, (ninfer::ops::Cache)1, (ninfer::ops::Cache)1, (bool)0>, (bool)0, (bool)1, ninfer::ops::detail::LinearBf16Output, ninfer::ops::detail::LinearIdentityEpilogue, ninfer::ops::detail::Q8MmaIdentityRows<ninfer::ops::detail::Q8A16MmaSchedule<(int)64, (int)128, (int)64, (int)64, (int)16, (int)2, (int)2, (ninfer::ops::detail::Q8MmaFragmentPipeline)1, (ninfer::ops::Cache)1, (ninfer::ops::Cache)1, (ninfer::ops::Cache)1, (bool)0>>>(ninfer::ops::detail::Q8LinearOperands, T4, T5, T6, int, int)"
0.0,8405216,64,131331.5,130672.0,130240,140096,1985.7,"void ninfer::ops::detail::nvfp4_a4_quantize_kernel<ninfer::ops::detail::Nvfp4ActivationGeometry<(int)17408>, (int)256, (ninfer::ops::detail::Nvfp4ScaleLayout)0>(const __nv_bfloat16 *, unsigned char *, unsigned char *, int, int, float)"
0.0,7755648,2352,3297.5,3072.0,2816,13792,1044.2,"ninfer::ops::causal_conv1d_prefill_state_kernel(const __nv_bfloat16 *, const __nv_bfloat16 *, __nv_bfloat16 *, int, int)"
0.0,4969536,1,4969536.0,4969536.0,4969536,4969536,0.0,"void ninfer::ops::detail::fp8_a16_sliced_k_mma_kernel<ninfer::ops::detail::Fp8ScheduleInstance<ninfer::ops::detail::Fp8A16SlicedKMmaSchedule<(int)4, (int)8, (int)1, (ninfer::ops::Cache)0, (ninfer::ops::Cache)1, (ninfer::ops::detail::Fp8ActivationStage)0, (int)1>, (int)5120, (int)8, (bool)0>, ninfer::ops::detail::LinearBf16Output, ninfer::ops::detail::LinearIdentityEpilogue, ninfer::ops::detail::Fp8IdentityRows>(ninfer::ops::detail::Fp8A16Operands, T2, T3, T4, int)"
0.0,2406912,49,49120.7,48704.0,40608,66112,3064.1,"void ninfer::ops::embed_gather_fp8_kernel<(int)5, (int)128>(const int *, const unsigned char *, const __nv_bfloat16 *, __nv_bfloat16 *)"
0.0,2003680,50,40073.6,40576.0,3648,49120,5568.1,"void ninfer::ops::rmsnorm_cta_bf16x2_kernel<(ninfer::ops::RmsEpilogue)1, (int)256, (int)10, (bool)1, (int)5120>(const __nv_bfloat162 *, const __nv_bfloat162 *, const __nv_bfloat162 *, __nv_bfloat162 *, int, long, float)"
0.0,1952512,64,30508.0,30096.0,29888,41472,1759.0,"void ninfer::ops::detail::nvfp4_a4_quantize_kernel<ninfer::ops::detail::Nvfp4ActivationGeometry<(int)6144>, (int)256, (ninfer::ops::detail::Nvfp4ScaleLayout)0>(const __nv_bfloat16 *, unsigned char *, unsigned char *, int, int, float)"
0.0,664064,48,13834.7,13728.0,13536,17024,533.6,"void ninfer::ops::detail::bf16_gdn_gating_proj_gemm_mma_kernel<ninfer::ops::detail::Bf16Gdn27Geometry, (int)8, (bool)0, (int)8, (bool)0, (int)0>(const __nv_bfloat16 *, const __nv_bfloat16 *, __nv_bfloat16 *, float, const __nv_bfloat16 *, const __nv_bfloat16 *, const float *, const float *, float *, float *, float *, int)"
0.0,602560,1,602560.0,602560.0,602560,602560,0.0,"void ninfer::ops::detail::q8_a16_sliced_k_mma_kernel<ninfer::ops::detail::Q8A16SlicedKMmaSchedule<(int)8, (int)8, (int)1, (int)2, (ninfer::ops::detail::Q8ScaleAccess)1, (ninfer::ops::Cache)0, (ninfer::ops::Cache)1, (ninfer::ops::detail::Q8ActivationStage)0, (int)25600, (int)8, (bool)0>, (bool)1, ninfer::ops::detail::LinearBf16Output, ninfer::ops::detail::LinearIdentityEpilogue, ninfer::ops::detail::Q8SlicedKIdentityRows>(ninfer::ops::detail::Q8LinearOperands, T3, T4, T5, int)"
0.0,437344,16,27334.0,26464.0,26272,39328,3211.5,"void ninfer::ops::detail::nvfp4_a4_quantize_kernel<ninfer::ops::detail::Nvfp4ActivationGeometry<(int)5120>, (int)256, (ninfer::ops::detail::Nvfp4ScaleLayout)1>(const __nv_bfloat16 *, unsigned char *, unsigned char *, int, int, float)"
0.0,280960,1,280960.0,280960.0,280960,280960,0.0,"void ninfer::ops::detail::<unnamed>::context_kv_grouped_kernel<(int)16, (int)8>(const __nv_bfloat16 *, const int *, const int *, const int *, ninfer::ops::detail::<unnamed>::DeviceLayers, float *, int, int, int, int)"
0.0,57600,51,1129.4,928.0,896,5376,789.6,"ninfer::ops::set_i32_scalar_kernel(int *, int)"
0.0,56672,49,1156.6,928.0,864,4832,854.6,"ninfer::ops::fill_i32_positions_kernel(int *, int, int)"
0.0,10752,1,10752.0,10752.0,10752,10752,0.0,"ninfer::ops::sampling_partial_topk_kernel(const __nv_bfloat16 *, const ninfer::ops::SamplingConfig *, int, int, ninfer::ops::SamplingWorkspace)"
0.0,4416,1,4416.0,4416.0,4416,4416,0.0,"ninfer::ops::sampling_group_finalize_sample_kernel(int *, const ninfer::ops::SamplingConfig *, const int *, int, int, int, int, ninfer::ops::SamplingWorkspace)"
0.0,4256,1,4256.0,4256.0,4256,4256,0.0,"ninfer::ops::prepare_ragged_prefix_kernel(const uint4 *, const int *, const int *, const int *, uint4 *, int *, int *, int, int, long, long)"
